Research_ID,Source_Group_ID,Combined_Group
STATE-LEASE-001,https://srilankamirror.com/biz/prime-lands-the-few-nawala-property-under-ciaboc-scrutiny/,CG-STATE-LEASE-001
STATE-LEASE-002,https://ciaboc.gov.lk/media-centre/latest-news/1519-former-uda-director-general-and-former-director-lands-arrested-on-corruption-allegations,CG-STATE-LEASE-002
STATE-LEASE-003,https://www.parliament.lk/en/home/parliament-news/view/5287,CG-STATE-LEASE-003
STATE-LEASE-004,UNIQUE-STATE-LEASE-004,CG-STATE-LEASE-004
STATE-LEASE-005,UNIQUE-STATE-LEASE-005,CG-STATE-LEASE-005
STATE-LEASE-006,UNIQUE-STATE-LEASE-006,CG-STATE-LEASE-006
STATE-LEASE-007,UNIQUE-STATE-LEASE-007,CG-STATE-LEASE-007
STATE-LEASE-008,UNIQUE-STATE-LEASE-008,CG-STATE-LEASE-008
STATE-LEASE-009,UNIQUE-STATE-LEASE-009,CG-STATE-LEASE-009
STATE-LEASE-010,UNIQUE-STATE-LEASE-010,CG-STATE-LEASE-010
STATE-LEASE-011,UNIQUE-STATE-LEASE-011,CG-STATE-LEASE-011
STATE-LEASE-012,UNIQUE-STATE-LEASE-012,CG-STATE-LEASE-012
STATE-LEASE-013,UNIQUE-STATE-LEASE-013,CG-STATE-LEASE-013
STATE-LEASE-014,UNIQUE-STATE-LEASE-014,CG-STATE-LEASE-014
STATE-LEASE-015,UNIQUE-STATE-LEASE-015,CG-STATE-LEASE-015
STATE-LEASE-016,UNIQUE-STATE-LEASE-016,CG-STATE-LEASE-016
STATE-LEASE-017,UNIQUE-STATE-LEASE-017,CG-STATE-LEASE-017
STATE-LEASE-018,UNIQUE-STATE-LEASE-018,CG-STATE-LEASE-018
STATE-LEASE-019,UNIQUE-STATE-LEASE-019,CG-STATE-LEASE-019
STATE-LEASE-020,UNIQUE-STATE-LEASE-020,CG-STATE-LEASE-020
STATE-LEASE-021,UNIQUE-STATE-LEASE-021,CG-STATE-LEASE-021
STATE-LEASE-022,UNIQUE-STATE-LEASE-022,CG-STATE-LEASE-022
STATE-LEASE-023,UNIQUE-STATE-LEASE-023,CG-STATE-LEASE-023
STATE-LEASE-024,UNIQUE-STATE-LEASE-024,CG-STATE-LEASE-024
STATE-LEASE-025,UNIQUE-STATE-LEASE-025,CG-STATE-LEASE-025
STATE-LEASE-026,UNIQUE-STATE-LEASE-026,CG-STATE-LEASE-026
STATE-LEASE-027,https://www.parliament.lk/en/home/parliament-news/view/4148,CG-STATE-LEASE-027
STATE-LEASE-028,https://www.parliament.lk/en/home/parliament-news/view/4148,CG-STATE-LEASE-027
STATE-LEASE-029,https://auditorgeneral.gov.lk/web/images/audit-reports/upload/2017/State_Corp/Land-Reform-Commission---E.pdf,CG-STATE-LEASE-029
STATE-LEASE-030,https://auditorgeneral.gov.lk/web/images/audit-reports/upload/2019/state_corporation/2-xxi/Land-Reform-Commission---2019---E.pdf,CG-STATE-LEASE-030
STATE-LEASE-031,https://auditorgeneral.gov.lk/web/images/audit-reports/upload/2022/statecorperation/2-xxvi/Land-Reform-Commission--E.pdf,CG-STATE-LEASE-030
STATE-LEASE-032,https://auditorgeneral.gov.lk/web/images/audit-reports/upload/2022/statecorperation/2-xxvi/Land-Reform-Commission--E.pdf,CG-STATE-LEASE-030
STATE-LEASE-033,https://auditorgeneral.gov.lk/web/images/audit-reports/upload/2023/State-Corporations/2-XXIII/Land-Reform-Commission--E.pdf,CG-STATE-LEASE-030
STATE-LEASE-034,https://auditorgeneral.gov.lk/web/images/audit-reports/upload/2024/2-State_Corporations/2-XIII/Land--Reform--Commission--E.pdf,CG-STATE-LEASE-030
STATE-LEASE-035,https://auditorgeneral.gov.lk/web/images/audit-reports/upload/2023/min_dep/1-xi/Head286Land-Commissioner-Generals-DepartmentE.pdf,CG-STATE-LEASE-030
STATE-LEASE-036,https://auditorgeneral.gov.lk/web/images/audit-reports/upload/2023/min_dep/1-xi/Head286Land-Commissioner-Generals-DepartmentE.pdf,CG-STATE-LEASE-030
STATE-LEASE-037,https://www.cabinetoffice.gov.lk/cab/index.php?Itemid=49&dID=13608&id=16&lang=en&option=com_content&view=article,CG-STATE-LEASE-037
STATE-LEASE-038,https://www.dailymirror.lk/print/news-features/Otters-landed/131-194219,CG-STATE-LEASE-038
STATE-LEASE-039,https://www.dailymirror.lk/breaking-news/80-Club-land-and-building-taken-over-by-Govt-Divisional-Secretary/108-200214,CG-STATE-LEASE-039
STATE-LEASE-040,https://www.dailymirror.lk/news-features/Spotlight-on-Wandama-Demaliya-Forest-Govt-circular-puts-land-sale-project-inside-reserve-on-hold/131-305210,CG-STATE-LEASE-040
STATE-LEASE-041,https://auditorgeneral.gov.lk/web/images/audit-reports/upload/2023/Annual_report_2023/Annual-Report-2023-English-2024.12.24.pdf,CG-STATE-LEASE-041
STATE-LEASE-042,https://auditorgeneral.gov.lk/web/images/audit-reports/upload/2023/State-Corporations/2-xix/Sri-Lanka-Tourism-Development-Authority--E.pdf,CG-STATE-LEASE-042
STATE-LEASE-043,https://auditorgeneral.gov.lk/web/images/audit-reports/upload/2023/State-Corporations/2-xix/Sri-Lanka-Tourism-Development-Authority--E.pdf,CG-STATE-LEASE-042
STATE-LEASE-044,https://auditorgeneral.gov.lk/web/images/audit-reports/upload/2021/state_corporation/2-XXXIII/Land-Reform-Commission--E.pdf,CG-STATE-LEASE-030
STATE-LEASE-045,https://auditorgeneral.gov.lk/web/images/audit-reports/upload/2021/state_corporation/2-XXXIII/Land-Reform-Commission--E.pdf,CG-STATE-LEASE-030
STATE-LEASE-046,https://auditorgeneral.gov.lk/web/images/audit-reports/upload/2021/state_corporation/2-XXXIII/Land-Reform-Commission--E.pdf,CG-STATE-LEASE-030
STATE-LEASE-047,https://auditorgeneral.gov.lk/web/images/audit-reports/upload/2021/state_corporation/2-XXXIII/Land-Reform-Commission--E.pdf,CG-STATE-LEASE-030
STATE-LEASE-048,https://auditorgeneral.gov.lk/web/images/audit-reports/upload/2021/state_corporation/2-XXXIII/Land-Reform-Commission--E.pdf,CG-STATE-LEASE-030
STATE-LEASE-049,https://auditorgeneral.gov.lk/web/images/audit-reports/upload/2022/statecorperation/2-xxvi/Land-Reform-Commission--E.pdf,CG-STATE-LEASE-030
STATE-LEASE-050,https://auditorgeneral.gov.lk/web/images/audit-reports/upload/2022/statecorperation/2-xxvi/Land-Reform-Commission--E.pdf,CG-STATE-LEASE-030
STATE-LEASE-051,https://auditorgeneral.gov.lk/web/images/audit-reports/upload/2022/statecorperation/2-xxvi/Land-Reform-Commission--E.pdf,CG-STATE-LEASE-030
STATE-LEASE-052,https://auditorgeneral.gov.lk/web/images/audit-reports/upload/2023/State-Corporations/2-XXIII/Land-Reform-Commission--E.pdf,CG-STATE-LEASE-030
STATE-LEASE-053,https://auditorgeneral.gov.lk/web/images/audit-reports/upload/2024/2-State_Corporations/2-XIII/Land--Reform--Commission--E.pdf,CG-STATE-LEASE-030
STATE-LEASE-054,https://auditorgeneral.gov.lk/web/images/audit-reports/upload/2019/state_corporation/2-xxi/Land-Reform-Commission---2019---E.pdf,CG-STATE-LEASE-030
STATE-LEASE-055,https://www.sundaytimes.lk/191117/business-times/government-incurs-heavy-losses-in-state-land-lease-deals-377989.html,CG-STATE-LEASE-030
STATE-LEASE-056,https://www.sundaytimes.lk/191117/business-times/government-incurs-heavy-losses-in-state-land-lease-deals-377989.html,CG-STATE-LEASE-030
STATE-LEASE-057,https://www.sundaytimes.lk/191117/business-times/government-incurs-heavy-losses-in-state-land-lease-deals-377989.html,CG-STATE-LEASE-030
STATE-LEASE-058,https://www.sundaytimes.lk/191117/business-times/government-incurs-heavy-losses-in-state-land-lease-deals-377989.html,CG-STATE-LEASE-030
STATE-LEASE-059,https://www.sundaytimes.lk/191117/business-times/government-incurs-heavy-losses-in-state-land-lease-deals-377989.html,CG-STATE-LEASE-030
STATE-LEASE-060,https://auditorgeneral.gov.lk/web/images/audit-reports/upload/2023/min_dep/1-xi/Head286Land-Commissioner-Generals-DepartmentE.pdf,CG-STATE-LEASE-030
STATE-LEASE-061,https://auditorgeneral.gov.lk/web/images/audit-reports/upload/2023/min_dep/1-xi/Head286Land-Commissioner-Generals-DepartmentE.pdf,CG-STATE-LEASE-030
STATE-LEASE-062,https://auditorgeneral.gov.lk/web/images/audit-reports/upload/2023/min_dep/1-xi/Head286Land-Commissioner-Generals-DepartmentE.pdf,CG-STATE-LEASE-030
WEB-063,https://auditorgeneral.gov.lk/web/images/audit-reports/upload/2024/Annual_Report/Annual-Report-2024-English-Web_compressed.pdf,CG-WEB-063
WEB-064,https://auditorgeneral.gov.lk/web/images/audit-reports/upload/2024/Annual_Report/Annual-Report-2024-English-Web_compressed.pdf,CG-WEB-063
WEB-065,https://auditorgeneral.gov.lk/web/images/audit-reports/upload/2023/State-Corporations/2-XXXIV/Board-of-Investment-of-Sri-Lanka--E.pdf,CG-WEB-065
WEB-066,https://auditorgeneral.gov.lk/web/images/audit-reports/upload/2023/State-Corporations/2-XXXIV/Board-of-Investment-of-Sri-Lanka--E.pdf,CG-WEB-065
WEB-067,https://auditorgeneral.gov.lk/web/images/audit-reports/upload/2024/2-State_Corporations/2-XXVI/Water-Resource-BoardE.pdf,CG-WEB-067
WEB-068,https://auditorgeneral.gov.lk/web/images/audit-reports/upload/2022/statecorperation/2-xxvi/Chamber-of-Construction-Industry-of-Sri-Lanka--E.pdf,CG-WEB-068
WEB-069,https://auditorgeneral.gov.lk/web/images/audit-reports/upload/2022/companies/9-XXXVII/Waters-Edge-Limited-and-its-subsidiaries--E.pdf,CG-WEB-069
WEB-070,https://auditorgeneral.gov.lk/web/images/audit-reports/upload/2023/Provincial_Council/5-vi/North-Western-Provincial-CouncilE.pdf,CG-WEB-070
WEB-071,https://auditorgeneral.gov.lk/web/images/audit-reports/upload/2023/Provincial_Council/5-vi/North-Western-Provincial-CouncilE.pdf,CG-WEB-070
WEB-072,https://auditorgeneral.gov.lk/web/images/audit-reports/upload/2023/Provincial_Council/5-vi/North-Western-Provincial-CouncilE.pdf,CG-WEB-070
WEB-073,https://auditorgeneral.gov.lk/web/images/audit-reports/upload/2021/provincial_council/5-II/Southern-PC-E.pdf,CG-WEB-073
WEB-074,https://auditorgeneral.gov.lk/web/images/audit-reports/upload/2019/mindept_19/1_12/Head286DepartmentofCommissionerGeneralofLandE.pdf,CG-WEB-074
WEB-075,https://auditorgeneral.gov.lk/web/images/audit-reports/upload/2019/mindept_19/1_12/Head286DepartmentofCommissionerGeneralofLandE.pdf,CG-WEB-074
WEB-076,https://auditorgeneral.gov.lk/web/images/audit-reports/upload/2015/provincialcouncil_2015/WesternProvincialCouncilE.pdf,CG-WEB-076
WEB-077,https://auditorgeneral.gov.lk/web/images/audit-reports/upload/2015/provincialcouncil_2015/WesternProvincialCouncilE.pdf,CG-WEB-076
WEB-078,https://auditorgeneral.gov.lk/web/images/audit-reports/upload/2015/provincialcouncil_2015/WesternProvincialCouncilE.pdf,CG-WEB-076
WEB-079,https://auditorgeneral.gov.lk/web/images/audit-reports/upload/2017/State_Corp/Land-Reform-Commission---E.pdf,CG-STATE-LEASE-029
WEB-080,https://auditorgeneral.gov.lk/web/images/audit-reports/upload/2017/State_Corp/Land-Reform-Commission---E.pdf,CG-STATE-LEASE-029
WEB-081,WEB-GRP-081,CG-WEB-081
WEB-082,WEB-GRP-082,CG-WEB-082
WEB-083,WEB-GRP-083,CG-WEB-083
WEB-084,WEB-GRP-084,CG-WEB-084
WEB-085,WEB-GRP-085,CG-WEB-085
WEB-086,WEB-GRP-086,CG-WEB-086
WEB-087,WEB-GRP-087,CG-WEB-087
WEB-088,WEB-GRP-088,CG-WEB-088
WEB-089,WEB-GRP-089,CG-WEB-089
WEB-090,WEB-GRP-090,CG-WEB-090
WEB-091,WEB-GRP-091,CG-WEB-091
WEB-092,WEB-GRP-092,CG-WEB-092
WEB-093,WEB-GRP-093,CG-WEB-093
WEB-094,WEB-GRP-094,CG-WEB-094
WEB-095,WEB-GRP-095,CG-WEB-095
WEB-096,WEB-GRP-096,CG-WEB-096
WEB-097,WEB-GRP-097,CG-WEB-097
WEB-098,WEB-GRP-098,CG-WEB-098
WEB-099,WEB-GRP-099,CG-WEB-099
WEB-100,WEB-GRP-100,CG-WEB-100
WEB-101,WEB-GRP-101,CG-WEB-101
WEB-102,WEB-GRP-102,CG-WEB-102
WEB-103,WEB-GRP-103,CG-WEB-103
WEB-104,WEB-GRP-104,CG-WEB-104
WEB-105,WEB-GRP-105,CG-WEB-105
WEB-106,WEB-GRP-106,CG-WEB-106
WEB-107,WEB-GRP-107,CG-WEB-107
WEB-108,WEB-GRP-108,CG-WEB-108
WEB-109,WEB-GRP-109,CG-WEB-109
WEB-110,WEB-GRP-110,CG-WEB-110
WEB-111,WEB-GRP-111,CG-WEB-107
WEB-112,WEB-GRP-112,CG-WEB-112
WEB-113,WEB-GRP-113,CG-WEB-113
WEB-114,WEB-GRP-114,CG-WEB-114
WEB-115,WEB-GRP-115,CG-WEB-115
WEB-116,WEB-GRP-116,CG-WEB-116
WEB-117,WEB-GRP-117,CG-WEB-117
WEB-118,WEB-GRP-118,CG-WEB-118
WEB-119,WEB-GRP-119,CG-WEB-119
WEB-120,WEB-GRP-120,CG-WEB-120
WEB-121,WEB-GRP-121,CG-WEB-121
WEB-122,WEB-GRP-122,CG-WEB-122
WEB-123,WEB-GRP-123,CG-WEB-123
WEB-124,WEB-GRP-124,CG-WEB-124
WEB-125,WEB-GRP-125,CG-WEB-125
WEB-126,WEB-GRP-126,CG-WEB-126
WEB-127,WEB-GRP-127,CG-WEB-127
WEB-128,WEB-GRP-128,CG-WEB-128
WEB-129,WEB-GRP-129,CG-WEB-129
WEB-130,WEB-GRP-130,CG-WEB-130
WEB-131,WEB-GRP-131,CG-WEB-131
WEB-132,WEB-GRP-132,CG-WEB-128
WEB-133,WEB-GRP-133,CG-WEB-133
WEB-134,WEB-GRP-134,CG-WEB-134
WEB-135,WEB-GRP-135,CG-WEB-135
WEB-136,WEB-GRP-136,CG-WEB-136
WEB-137,WEB-GRP-137,CG-WEB-137
WEB-138,WEB-GRP-138,CG-WEB-134
WEB-139,WEB-GRP-139,CG-WEB-135
WEB-140,WEB-GRP-140,CG-WEB-140
WEB-141,WEB-GRP-141,CG-WEB-141
WEB-142,WEB-GRP-142,CG-WEB-142
WEB-143,WEB-GRP-143,CG-WEB-143
WEB-144,WEB-GRP-144,CG-WEB-140
WEB-145,WEB-GRP-145,CG-WEB-145
WEB-146,WEB-GRP-146,CG-WEB-142
WEB-147,WEB-GRP-147,CG-WEB-147
WEB-148,WEB-GRP-148,CG-WEB-148
WEB-149,WEB-GRP-149,CG-WEB-149
WEB-150,WEB-GRP-150,CG-WEB-150
WEB-151,WEB-GRP-151,CG-WEB-147
WEB-152,WEB-GRP-152,CG-WEB-152
WEB-153,WEB-GRP-153,CG-WEB-153
WEB-154,WEB-GRP-154,CG-WEB-154
WEB-155,WEB-GRP-155,CG-WEB-155
WEB-156,WEB-GRP-156,CG-WEB-152
WEB-157,WEB-GRP-157,CG-WEB-157
WEB-158,WEB-GRP-158,CG-WEB-158
WEB-159,WEB-GRP-159,CG-WEB-159
WEB-160,WEB-GRP-160,CG-WEB-160
WEB-161,WEB-GRP-161,CG-WEB-157
WEB-162,WEB-GRP-162,CG-WEB-162
WEB-163,WEB-GRP-163,CG-WEB-163
WEB-164,WEB-GRP-164,CG-WEB-164
WEB-165,WEB-GRP-165,CG-WEB-165
WEB-166,WEB-GRP-166,CG-WEB-162
WEB-167,WEB-GRP-167,CG-WEB-167
WEB-168,WEB-GRP-168,CG-WEB-168
WEB-169,WEB-GRP-169,CG-WEB-165
WEB-170,WEB-GRP-170,CG-WEB-170
WEB-171,WEB-GRP-171,CG-WEB-171
WEB-172,WEB-GRP-172,CG-WEB-172
WEB-173,WEB-GRP-173,CG-WEB-173
WEB-174,WEB-GRP-174,CG-WEB-174
WEB-175,WEB-GRP-175,CG-WEB-171
WEB-176,WEB-GRP-176,CG-WEB-172
WEB-177,WEB-GRP-177,CG-WEB-177
WEB-178,WEB-GRP-178,CG-WEB-178
WEB-179,WEB-GRP-179,CG-WEB-179
WEB-180,WEB-GRP-180,CG-WEB-180
WEB-181,WEB-GRP-181,CG-WEB-177
WEB-182,WEB-GRP-182,CG-WEB-178
WEB-183,WEB-GRP-183,CG-WEB-183
WEB-184,WEB-GRP-184,CG-WEB-184
WEB-185,WEB-GRP-185,CG-WEB-185
WEB-186,WEB-GRP-186,CG-WEB-186
WEB-187,WEB-GRP-187,CG-WEB-183
WEB-188,WEB-GRP-188,CG-WEB-184
WEB-189,WEB-GRP-189,CG-WEB-189
WEB-190,WEB-GRP-190,CG-WEB-190
WEB-191,WEB-GRP-191,CG-WEB-191
WEB-192,WEB-GRP-192,CG-WEB-192
WEB-193,WEB-GRP-193,CG-WEB-189
WEB-194,WEB-GRP-194,CG-WEB-190
WEB-195,WEB-GRP-195,CG-WEB-195
WEB-196,WEB-GRP-196,CG-WEB-196
WEB-197,WEB-GRP-197,CG-WEB-197
WEB-198,WEB-GRP-198,CG-WEB-198
WEB-199,WEB-GRP-199,CG-WEB-195
WEB-200,WEB-GRP-200,CG-WEB-196
