case_id,event_count,elapsed_days,max_gap_hours,mean_gap_hours,unique_activities,repeated_activity_count,resource_handoffs,institution_switches,distinct_resources
SL-CASE-0001,12,53.744059484131945,343.8041879572222,117.25976614719697,12,0,10,5,10
SL-CASE-0002,18,88.59255655623843,473.26101342138884,125.07184454998367,18,0,15,8,16
SL-CASE-0003,12,48.28498412083333,290.5712115419445,105.34905626363637,12,0,8,5,9
SL-CASE-0004,18,90.63879718549768,440.15829474111115,127.96065485011438,18,0,17,8,17
SL-CASE-0005,18,94.31369709233796,681.941333768889,133.14874883624185,18,0,16,9,16
SL-CASE-0006,20,95.55435749708333,479.6728055961111,120.70024104894736,20,0,17,10,18
SL-CASE-0007,16,90.72871171293981,903.9378775147222,145.1659387407037,16,0,15,8,16
SL-CASE-0008,14,46.66887246474537,302.6609580291667,86.157918396453,14,0,13,6,14
SL-CASE-0009,14,86.94235983425926,427.1654238616667,160.5089720017094,14,0,13,6,14
SL-CASE-0010,12,39.69714456792824,418.14494156583334,86.6119517845707,12,0,8,5,8
SL-CASE-0011,16,78.36298396296296,434.42135680416663,125.38077434074074,16,0,15,7,16
SL-CASE-0012,20,130.45809383555556,890.6748121425,164.78917116070176,20,0,17,10,17
SL-CASE-0013,18,76.25024229371527,413.1722654594444,107.6474008852451,18,0,16,8,17
SL-CASE-0014,12,41.40125880383102,281.3627442591667,90.33001920835859,12,0,10,5,11
SL-CASE-0015,12,61.29612350282407,348.14617973944445,133.73699673343435,12,0,11,5,12
SL-CASE-0016,16,91.33091953622684,402.8133446141667,146.12947125796296,16,0,15,7,15
SL-CASE-0017,20,100.70286619498843,456.3165354663889,127.2036204568275,20,0,17,10,17
SL-CASE-0018,16,49.42389297106481,300.48084896666666,79.0782287537037,16,0,14,7,15
SL-CASE-0019,20,111.69540296312499,814.3701741061111,141.0889300586842,20,0,17,10,18
SL-CASE-0020,20,136.11420324162037,803.3954691800001,171.93373041046783,20,0,18,10,17
SL-CASE-0021,18,104.76166365998843,476.4692555641667,147.89881928468955,18,0,14,8,14
SL-CASE-0022,14,56.01859967248843,420.53836755472224,103.4189532415171,14,0,10,6,10
SL-CASE-0023,20,119.44439500234954,478.82622086805554,150.87713052928362,20,0,17,10,17
SL-CASE-0024,20,142.19120301162036,884.9182411236112,179.60994064625731,20,0,19,10,19
SL-CASE-0025,16,100.90410050284723,465.12713873194446,161.44656080455556,16,0,13,7,14
SL-CASE-0026,14,92.31163287378473,863.7475784755555,170.42147607467948,14,0,12,7,12
SL-CASE-0027,12,62.53536271856481,456.7489194475,136.44079138595959,12,0,9,5,10
SL-CASE-0028,14,48.26143504350695,263.8950001286111,89.09803392647436,14,0,12,6,13
SL-CASE-0029,20,94.36182751717593,320.81799918583334,119.19388739011696,20,0,17,10,18
SL-CASE-0030,20,83.70992493324074,409.39075356583334,105.73885254725145,20,0,17,10,17
SL-CASE-0031,16,50.26153976780093,328.2124467838889,80.41846362848148,16,0,14,7,15
SL-CASE-0032,20,93.3006334717361,364.08700086777776,117.85343175377193,20,0,17,10,17
SL-CASE-0033,12,48.5391472271875,329.44078540888887,105.90359395022728,12,0,11,5,11
SL-CASE-0034,12,49.80226260969908,333.5773605752778,108.65948205752525,12,0,10,5,11
SL-CASE-0035,12,55.686376595243054,456.1367299955555,121.49754893507576,12,0,10,5,11
SL-CASE-0036,18,137.4853193895023,717.57682078,194.0969214910621,18,0,14,9,14
SL-CASE-0037,12,60.1083753368287,442.33265425527776,131.14554618944445,12,0,10,5,11
SL-CASE-0038,12,39.99631465454861,304.3531697458333,87.26468651901514,12,0,11,5,12
SL-CASE-0039,12,41.82936629530093,242.21021425777778,91.2640719170202,12,0,8,5,9
SL-CASE-0040,20,97.34497186638889,415.29946636861115,122.96206972596491,20,0,16,10,16
SL-CASE-0041,18,128.4817039466898,956.94669421,181.3859349835621,18,0,17,9,18
SL-CASE-0042,14,62.197669933275456,385.1819471666667,114.82646756912393,14,0,10,6,11
SL-CASE-0043,12,42.614960407604165,230.04817096583332,92.97809543477273,12,0,8,5,9
SL-CASE-0044,12,38.642098248796295,272.7833324975,84.31003254282828,12,0,9,5,10
SL-CASE-0045,16,118.29709671636573,913.9955554180556,189.2753547461852,16,0,14,8,14
SL-CASE-0046,14,51.951664183356485,252.03552402833336,95.91076464619658,14,0,11,6,12
SL-CASE-0047,18,65.17337786811342,421.6771960388889,92.0094746373366,18,0,16,9,16
SL-CASE-0048,18,107.88768431414353,699.8015257133334,152.31202491408496,18,0,15,9,15
SL-CASE-0049,18,78.40706513145832,521.0567571702778,110.69232724441177,18,0,14,9,15
SL-CASE-0050,12,41.08835063833333,160.06684806194446,89.64731048363636,12,0,11,5,11
SL-CASE-0051,12,48.382581378217594,256.77024638194445,105.56199573429292,12,0,10,5,11
SL-CASE-0052,12,60.49861477070602,422.14958667027776,131.99697768154041,12,0,10,5,10
SL-CASE-0053,18,83.6445273152662,434.54717333611114,118.08639150390523,18,0,16,9,16
SL-CASE-0054,16,67.78313328096066,451.45912467750003,108.45301324953704,16,0,14,7,14
SL-CASE-0055,12,54.17015718782408,467.3643473166666,118.18943386434343,12,0,10,5,10
SL-CASE-0056,18,97.98519692070602,453.17093021194444,138.33204271158496,18,0,15,9,16
SL-CASE-0057,20,115.62224718116899,913.9580134088889,146.04915433410818,20,0,17,10,18
SL-CASE-0058,20,77.89508240478008,318.0777023261111,98.39378830077484,20,0,19,10,19
SL-CASE-0059,14,49.955967505277776,398.33148882999996,92.22640154820512,14,0,13,6,14
SL-CASE-0060,20,75.76819764873842,417.28800137,95.70719702998538,20,0,16,10,17
SL-CASE-0061,18,110.1666381099074,930.2426833997222,155.52937144928103,18,0,16,9,16
SL-CASE-0062,16,70.91224466965278,330.8778094925,113.45959147144444,16,0,15,7,15
SL-CASE-0063,20,83.43076398681714,292.3970201822222,105.38622819387426,20,0,18,10,18
SL-CASE-0064,18,86.71136144785879,638.5846506424999,122.41603969109477,18,0,16,9,16
SL-CASE-0065,20,116.59698644682871,463.5060647733334,147.28040393283626,20,0,18,10,19
SL-CASE-0066,12,51.58155190023148,231.02680312666666,112.54156778232323,12,0,9,5,10
SL-CASE-0067,14,66.55089368894676,419.37370123777777,122.86318834882479,14,0,13,6,14
SL-CASE-0068,18,77.04024920335648,400.13052732194444,108.76270475767974,18,0,16,9,16
SL-CASE-0069,16,63.29856514739583,341.1922809233333,101.27770423583334,16,0,14,7,15
SL-CASE-0070,16,75.08369469392362,535.7056847522222,120.13391151027777,16,0,14,8,15
SL-CASE-0071,12,33.02633833350694,255.01443554944444,72.05746545492424,12,0,9,5,9
SL-CASE-0072,18,60.444316286875,324.07187641972223,85.333152405,18,0,15,8,16
SL-CASE-0073,14,69.83678530741898,376.7285306547222,128.92944979831196,14,0,9,6,10
SL-CASE-0074,16,77.25745084717593,424.0025680986111,123.61192135548148,16,0,14,8,15
SL-CASE-0075,14,56.80563817922454,343.5308764825,104.87194740779914,14,0,13,6,13
SL-CASE-0076,16,70.80611818182871,432.6813848055556,113.28978909092592,16,0,14,8,15
SL-CASE-0077,14,62.114460902511574,426.8412522955556,114.67285089694444,14,0,11,6,11
SL-CASE-0078,20,108.91290105199074,593.0114683258333,137.5741908025146,20,0,18,10,19
SL-CASE-0079,20,101.64777039265047,377.11112346194443,128.39718365387427,20,0,19,10,20
SL-CASE-0080,14,61.744584869837965,383.6608774811111,113.99000283662393,14,0,10,6,10
SL-CASE-0081,16,70.41228408342593,450.03786027638887,112.65965453348149,16,0,13,8,13
SL-CASE-0082,12,55.175135585613425,248.49543442972222,120.38211400497475,12,0,11,5,11
SL-CASE-0083,20,111.7929729725463,780.7025366152777,141.21217638637427,20,0,17,10,18
SL-CASE-0084,14,61.385202088240746,364.06191784666663,113.32652693213674,14,0,13,7,14
SL-CASE-0085,20,124.84299042655093,442.6221676194445,157.6964089598538,20,0,17,10,17
SL-CASE-0086,16,102.07911146393518,524.6602718058333,163.3265783422963,16,0,12,8,12
SL-CASE-0087,18,94.82693034471065,437.37608651027773,133.8733134278268,18,0,16,8,16
SL-CASE-0088,14,41.804636991493055,215.56868811472222,77.17779136891025,14,0,13,6,13
SL-CASE-0089,14,45.542406418726856,221.7513448961111,84.07828877303419,14,0,12,6,12
SL-CASE-0090,16,62.80978088260417,477.5741865475,100.49564941216667,16,0,14,7,15
SL-CASE-0091,12,54.9339255344676,343.01386128555555,119.85583752974748,12,0,10,5,10
SL-CASE-0092,12,35.744753061296294,229.76032768027778,77.98855213373737,12,0,10,5,11
SL-CASE-0093,18,98.86690170219907,483.5922419713889,139.57680240310458,18,0,17,9,18
SL-CASE-0094,18,131.58943130622686,867.6931550130556,185.77331478526145,18,0,15,9,16
SL-CASE-0095,20,144.85661637709492,929.6379952058334,182.97677858159358,20,0,17,10,17
SL-CASE-0096,16,99.67678537493056,428.2152060663889,159.4828565998889,16,0,13,7,14
SL-CASE-0097,14,81.26127752252314,898.2472413816666,150.0208200415812,14,0,13,7,13
SL-CASE-0098,12,52.30237856121528,472.4547155447222,114.11428049719697,12,0,10,5,11
SL-CASE-0099,12,54.14057370023148,426.8289129233333,118.12488807323231,12,0,11,5,11
SL-CASE-0100,14,62.42078861248842,311.0586046633333,115.23837897690171,14,0,13,6,14
SL-CASE-0101,18,71.86349873688657,370.3674627013889,101.45435115795752,18,0,17,9,18
SL-CASE-0102,14,49.87115848798611,412.6265142619444,92.06983105474359,14,0,13,6,14
SL-CASE-0103,12,53.68035791656251,306.84244643361114,117.12078090886364,12,0,10,5,11
SL-CASE-0104,14,67.20993848716435,358.35143320916666,124.07988643784188,14,0,11,6,11
SL-CASE-0105,12,61.998255403391205,471.1489406208333,135.26892088012625,12,0,11,5,11
SL-CASE-0106,14,54.832469759548616,325.4659971672222,101.22917494070512,14,0,12,7,13
SL-CASE-0107,14,75.90034806164353,419.4898939402778,140.1237194984188,14,0,13,7,14
SL-CASE-0108,14,62.89464369601851,384.03734682888893,116.11318836188035,14,0,11,6,12
SL-CASE-0109,14,62.78492898722222,365.00327295638886,115.9106381302564,14,0,13,6,13
SL-CASE-0110,20,120.0577120186111,939.5425567944445,151.65184676035088,20,0,18,10,19
SL-CASE-0111,12,65.02115517456019,455.83905212111114,141.86433856267678,12,0,9,5,10
SL-CASE-0112,14,56.271173032013884,343.5732598563889,103.88524252064103,14,0,10,6,11
SL-CASE-0113,16,93.38856581377316,504.04466882555556,149.42170530203703,16,0,14,8,13
SL-CASE-0114,18,77.03502523833333,284.5628314897222,108.7553297482353,18,0,17,9,18
SL-CASE-0115,12,71.40948229541667,463.1811517786111,155.80250682636364,12,0,9,5,10
SL-CASE-0116,16,100.77823742462962,906.9066758311112,161.2451798794074,16,0,15,8,14
SL-CASE-0117,16,87.11554219769675,450.2950526791667,139.3848675163148,16,0,14,7,15
SL-CASE-0118,18,71.8977760019676,305.68461273944445,101.50274259101307,18,0,16,8,16
SL-CASE-0119,14,54.952287455231485,479.07133145138886,101.45037684042734,14,0,11,6,11
SL-CASE-0120,14,74.15141609118056,383.84956376888886,136.89492201448718,14,0,11,6,12
SL-CASE-0121,16,84.71609973,383.5841925588889,135.545759568,16,0,14,7,14
SL-CASE-0122,18,89.17258938814815,377.86355491583333,125.8907144303268,18,0,17,9,18
SL-CASE-0123,16,96.93108521766204,746.7310360716666,155.08973634825927,16,0,13,8,14
SL-CASE-0124,18,74.12877578292824,400.7266686186111,104.65238934060457,18,0,16,9,16
SL-CASE-0125,18,102.82103838489583,652.4651665466666,145.1591130139706,18,0,16,9,16
SL-CASE-0126,14,53.7062886565162,243.3006609011111,99.15007136587607,14,0,12,6,13
SL-CASE-0127,12,42.86216831475694,361.2492232983334,93.51745814128789,12,0,11,5,11
SL-CASE-0128,12,34.3216729972338,305.79193803444446,74.88365017578283,12,0,9,5,10
SL-CASE-0129,14,53.10980561386574,341.22993059805555,98.04887190252137,14,0,12,6,13
SL-CASE-0130,18,98.76244284581018,492.12376912166667,139.4293310764379,18,0,16,9,16
SL-CASE-0131,18,118.98988038594908,630.6611646538889,167.98571348604574,18,0,15,9,15
SL-CASE-0132,18,107.28022966416667,615.8649992433334,151.45444187882353,18,0,16,9,17
SL-CASE-0133,14,65.92009632327546,417.37865045999996,121.698639366047,14,0,12,6,12
SL-CASE-0134,20,132.500152126875,765.5500657216667,167.36861321289473,20,0,19,10,20
SL-CASE-0135,14,73.18673029780092,446.76004787638885,135.1139636267094,14,0,10,6,11
SL-CASE-0136,20,147.4487648600463,899.3435804827777,186.25107140216375,20,0,19,10,19
SL-CASE-0137,12,52.61776308789352,345.6013799247222,114.80239219176768,12,0,9,5,10
SL-CASE-0138,20,100.15331316430554,421.5750424244444,126.50944820754385,20,0,18,10,18
SL-CASE-0139,12,32.26438218305556,231.08195346222223,70.39501567212122,12,0,10,5,11
SL-CASE-0140,20,120.29306265190972,785.6419892144445,151.94913177083333,20,0,18,10,19
SL-CASE-0141,20,127.18487089787037,637.0806196738889,160.654573765731,20,0,17,10,18
SL-CASE-0142,14,87.72802449074074,825.5686568505555,161.95942982905984,14,0,12,7,12
SL-CASE-0143,18,86.0407819749537,397.95256976194446,121.46933925875817,18,0,16,9,16
SL-CASE-0144,12,40.94029980528936,365.7379273969445,89.32429048426768,12,0,9,5,9
SL-CASE-0145,14,65.92562118614583,297.11966786777776,121.70883911288462,14,0,13,7,14
SL-CASE-0146,18,93.87250545693287,462.56380160000003,132.5258900568464,18,0,16,8,17
SL-CASE-0147,14,56.162111024525466,374.82776322,103.683897276047,14,0,12,6,12
SL-CASE-0148,14,64.6619450719676,321.7065916955556,119.3758985944017,14,0,13,6,13
SL-CASE-0149,12,59.34636974106481,450.37923750416667,129.4829885259596,12,0,11,5,12
SL-CASE-0150,18,109.4274533142824,797.9671128783334,154.4858164436928,18,0,16,9,16
SL-CASE-0151,20,92.28739731746528,396.9168810602778,116.57355450627193,20,0,17,10,18
SL-CASE-0152,12,50.84149555233797,302.40532281555556,110.9268993869192,12,0,11,5,12
SL-CASE-0153,16,36.22698628784722,174.80832085083333,57.963178060555556,16,0,15,7,16
SL-CASE-0154,20,136.07810401215278,844.2472046341667,171.88813138377193,20,0,16,10,17
SL-CASE-0155,18,94.14328519267362,457.169856395,132.90816733083332,18,0,16,9,16
SL-CASE-0156,12,54.51252790842592,306.3248533802778,118.93642452747476,12,0,10,5,11
SL-CASE-0157,20,112.31036356689816,492.84244373194446,141.86572240029238,20,0,19,10,19
SL-CASE-0158,14,46.76798279420139,306.09538481694443,86.3408913123718,14,0,12,6,13
SL-CASE-0159,14,47.24286014097222,177.2038819797222,87.2175879525641,14,0,11,6,12
SL-CASE-0160,12,57.407717884120366,468.9828151566667,125.25320265626263,12,0,10,5,10
SL-CASE-0161,14,68.81918621210647,474.7023871213889,127.05080531465812,14,0,12,6,13
SL-CASE-0162,16,108.04492072079861,437.4976979022222,172.8718731532778,16,0,12,8,13
SL-CASE-0163,18,98.39902130769676,445.0748472208333,138.9162653755719,18,0,14,8,15
SL-CASE-0164,20,101.37690890203704,471.3859628130556,128.05504282362574,20,0,16,10,16
SL-CASE-0165,14,70.13517163856481,412.1913454141666,129.48031687119658,14,0,13,6,13
SL-CASE-0166,18,75.73377899761573,432.00811904305556,106.9182762319281,18,0,14,9,15
SL-CASE-0167,18,89.55488891319445,467.2650830275,126.43043140686275,18,0,15,8,16
SL-CASE-0168,12,51.04515477167824,324.99583670888893,111.37124677457071,12,0,9,5,10
SL-CASE-0169,14,36.87498658354167,211.83989876638887,68.07689830807692,14,0,12,6,12
SL-CASE-0170,20,96.5042487552199,543.8972091336111,121.90010369080409,20,0,17,10,17
SL-CASE-0171,16,73.76304695206018,373.0817173191666,118.02087512329629,16,0,13,7,13
SL-CASE-0172,14,61.58810499420138,432.9285993405556,113.70111691237179,14,0,12,6,13
SL-CASE-0173,20,113.24675692465277,569.3249819297222,143.04853506271928,20,0,19,10,19
SL-CASE-0174,18,117.81057954936342,647.7688695241666,166.32081818733658,18,0,16,9,17
SL-CASE-0175,16,64.15439236210648,376.65185013055554,102.64702777937038,16,0,14,7,15
SL-CASE-0176,16,75.0027141530324,385.36337180833334,120.00434264485185,16,0,14,8,15
SL-CASE-0177,12,58.524324723946755,448.2290851672222,127.68943576133839,12,0,10,5,9
SL-CASE-0178,18,85.71225181181713,474.90127416944443,121.00553196962417,18,0,16,8,16
SL-CASE-0179,20,107.9945598203588,466.2153542936111,136.4141808257164,20,0,19,10,19
SL-CASE-0180,20,97.14328595909721,372.33033392444446,122.70730857991228,20,0,18,10,18
SL-CASE-0181,18,72.79673269993056,420.16391757083335,102.77185792931373,18,0,15,8,16
SL-CASE-0182,20,124.6397742882639,942.7690278677778,157.4397148904386,20,0,16,10,16
SL-CASE-0183,18,117.28482579971065,444.3114320825,165.5785775995915,18,0,17,8,17
SL-CASE-0184,16,107.04360823701388,713.3801305469445,171.26977317922223,16,0,13,8,12
SL-CASE-0185,16,85.31027211840278,458.0392867675,136.49643538944446,16,0,15,7,15
SL-CASE-0186,14,96.2190404219213,469.8462370636111,177.63515154816238,14,0,12,6,13
SL-CASE-0187,12,51.232022549351846,306.7720361747222,111.77895828949495,12,0,9,5,10
SL-CASE-0188,14,62.009280823425925,360.3056188891666,114.47867228940171,14,0,13,6,14
SL-CASE-0189,18,92.24069489556713,417.6518758630555,130.2221574996242,18,0,16,9,16
SL-CASE-0190,14,67.35938641310186,404.7582210186111,124.35579030111111,14,0,13,7,13
SL-CASE-0191,14,57.26646963333334,221.8680568866667,105.72271316923077,14,0,11,6,12
SL-CASE-0192,14,51.43977336938658,276.2232149961111,94.9657354511752,14,0,13,6,14
SL-CASE-0193,14,71.72902089030093,479.6542921680555,132.42280779747864,14,0,11,6,12
SL-CASE-0194,14,69.6755573810648,325.9983246941667,128.6317982419658,14,0,12,6,13
SL-CASE-0195,14,87.83998224818286,472.6107486177778,162.16612107356838,14,0,12,6,13
SL-CASE-0196,20,92.28954624199075,356.3778830522223,116.57626893725147,20,0,17,10,17
SL-CASE-0197,16,79.71913287390046,450.3877255352778,127.55061259824075,16,0,15,7,16
SL-CASE-0198,12,42.63924526795139,383.088512695,93.03108058462122,12,0,7,5,8
SL-CASE-0199,12,50.322732208680556,350.0110756361111,109.79505209166666,12,0,11,5,11
SL-CASE-0200,16,66.38731018797453,315.27777497249997,106.21969630075925,16,0,14,7,14
SL-CASE-0201,14,74.02201265156249,439.25592129027774,136.65602335673077,14,0,11,6,12
SL-CASE-0202,18,93.32026054716435,465.5832442219444,131.74625018423203,18,0,14,8,14
SL-CASE-0203,18,71.50266517371527,390.85403617388886,100.94493906877452,18,0,15,8,15
SL-CASE-0204,16,96.94122569215278,475.10922976638886,155.10596110744444,16,0,14,7,15
SL-CASE-0205,14,67.32613996709492,444.4977508741666,124.29441224694443,14,0,12,6,13
SL-CASE-0206,16,70.26633524494213,475.9348116,112.4261363919074,16,0,14,7,14
SL-CASE-0207,18,121.93870103275464,679.9918300636111,172.14875439918302,18,0,16,9,16
SL-CASE-0208,16,73.69529299715278,824.3365145861112,117.91246879544445,16,0,15,8,16
SL-CASE-0209,18,91.96881423233796,469.1712083705555,129.83832597506535,18,0,14,9,14
SL-CASE-0210,14,50.58625705856482,251.80666721083333,93.39001303119657,14,0,13,6,14
SL-CASE-0211,16,66.02338076623842,361.1005700236111,105.63740922598149,16,0,15,7,15
SL-CASE-0212,18,67.82985910879628,349.15587238638886,95.75980109477123,18,0,16,9,16
SL-CASE-0213,20,103.84067845069445,443.2538496180556,131.16717277982457,20,0,17,10,18
SL-CASE-0214,18,100.15801633793981,468.2103892777778,141.3995524770915,18,0,15,8,16
SL-CASE-0215,20,68.03546349101852,366.82020559583333,85.93953283076023,20,0,18,10,18
SL-CASE-0216,14,68.15973539401621,422.123309125,125.83335765049145,14,0,13,6,13
SL-CASE-0217,12,53.53505466789352,436.77245949055555,116.8037556390404,12,0,10,5,10
SL-CASE-0218,18,79.47996688409722,421.6049167963889,112.20701207166667,18,0,15,8,16
SL-CASE-0219,14,80.76017376965278,387.66827146527777,149.09570542089745,14,0,13,6,14
SL-CASE-0220,12,66.42456480430556,414.6911312811111,144.92632320939393,12,0,9,5,10
SL-CASE-0221,14,59.29161155793982,341.35571983444447,109.46143672235043,14,0,13,6,14
SL-CASE-0222,14,52.67866834226852,324.28459627083333,97.25292617034188,14,0,12,6,13
SL-CASE-0223,18,98.8695926578588,603.0680648477778,139.58060139933008,18,0,13,9,13
SL-CASE-0224,14,48.70427615570602,439.31711943166664,89.91558674899572,14,0,12,6,12
SL-CASE-0225,12,37.73322587253472,188.06860254666668,82.32703826734848,12,0,11,5,11
SL-CASE-0226,14,49.59306249553241,343.40772429777775,91.55642306867522,14,0,12,6,13
SL-CASE-0227,16,84.45785938214121,456.03931971916666,135.13257501142593,16,0,14,7,15
SL-CASE-0228,12,33.20237694450231,185.1009392911111,72.44154969709597,12,0,11,5,12
SL-CASE-0229,14,46.84652675075231,429.92950214027775,86.48589553985042,14,0,13,6,13
SL-CASE-0230,20,112.49017554167824,456.4593828511111,142.0928533158041,20,0,19,10,20
SL-CASE-0231,14,61.210600285335644,343.72209904416667,113.00418514215812,14,0,11,6,12
SL-CASE-0232,12,26.824269451493056,169.84744352222222,58.52567880325758,12,0,11,5,12
SL-CASE-0233,16,73.82864613028936,430.56351375527777,118.12583380846296,16,0,12,7,13
SL-CASE-0234,12,36.84108239418982,249.73181069055556,80.38054340550505,12,0,11,5,12
SL-CASE-0235,12,61.40020244936343,446.82506856805554,133.96407807133838,12,0,10,5,10
SL-CASE-0236,20,84.88973121613425,505.88769462277776,107.22913416774854,20,0,16,10,16
SL-CASE-0237,14,68.90799269971065,450.2130472952778,127.21475575331196,14,0,12,6,13
SL-CASE-0238,12,38.4598850244213,199.73467340472223,83.91247641691919,12,0,10,5,11
SL-CASE-0239,12,55.493596148969914,393.6880531727778,121.07693705229798,12,0,9,5,10
SL-CASE-0240,14,69.16386001152777,477.22082236305556,127.68712617512821,14,0,11,6,11
SL-CASE-0241,14,46.73707959215278,358.2851730288889,86.28383924705128,14,0,13,6,14
SL-CASE-0242,18,112.52688401461805,639.9967587519445,158.8614833147549,18,0,15,9,15
SL-CASE-0243,12,26.79105717519676,315.1053662277778,58.45321565497475,12,0,10,5,11
SL-CASE-0244,20,116.35615734116898,643.7154444977779,146.97619874673975,20,0,18,10,19
SL-CASE-0245,16,91.16629478332176,433.8938003044444,145.8660716533148,16,0,13,8,14
SL-CASE-0246,14,67.42199283662036,456.5313581102778,124.47137139068376,14,0,10,6,10
SL-CASE-0247,20,111.8217109225926,432.1002041336111,141.2484769548538,20,0,16,10,16
SL-CASE-0248,20,124.3657052825926,559.4626511499999,157.0935224622222,20,0,19,10,20
SL-CASE-0249,20,98.24086342400464,465.23294253611107,124.09372221979532,20,0,17,10,18
SL-CASE-0250,12,53.461850572175926,307.25832414694446,116.6440376120202,12,0,10,5,11
SL-CASE-0251,14,84.32136969622685,647.0479275244445,155.67022097764956,14,0,13,7,13
SL-CASE-0252,16,85.33074166334491,446.52192973666666,136.52918666135184,16,0,14,7,14
SL-CASE-0253,18,119.08656525386574,921.1601427683333,168.1222097701634,18,0,15,9,15
SL-CASE-0254,14,53.46633092947916,264.4316368338889,98.7070724851923,14,0,11,6,11
SL-CASE-0255,20,99.15818549377316,474.50737311027774,125.25244483423977,20,0,17,10,17
SL-CASE-0256,14,70.51627835376156,419.81478184416665,130.18389849925214,14,0,13,6,13
SL-CASE-0257,14,73.57106678458334,414.2737449847222,135.82350791,14,0,11,6,12
SL-CASE-0258,12,42.012069608402776,234.19507932333335,91.66269732742424,12,0,11,5,11
SL-CASE-0259,18,95.27565643960648,449.20279540138887,134.50680909120913,18,0,16,9,16
SL-CASE-0260,14,80.40792293715278,468.3131094597222,148.44539619166667,14,0,12,6,13
SL-CASE-0261,12,58.719206915034725,377.1839907672222,128.11463326916666,12,0,10,5,11
SL-CASE-0262,18,60.117924757349535,292.65141462,84.87236436331699,18,0,16,8,16
SL-CASE-0263,16,98.96896444798611,621.5125860349999,158.35034311677776,16,0,14,8,15
SL-CASE-0264,14,56.17932293788195,450.30519551361107,103.71567311608975,14,0,12,6,12
SL-CASE-0265,12,42.68260517238426,350.9298284066666,93.12568401247475,12,0,10,5,11
SL-CASE-0266,14,56.097246623310184,472.10949745722223,103.56414761226496,14,0,12,6,13
SL-CASE-0267,12,40.10242083143518,231.51760774666667,87.4961909049495,12,0,9,5,10
SL-CASE-0268,12,48.35217410858797,377.58148733111113,105.49565260055556,12,0,10,5,11
SL-CASE-0269,20,89.16449528148148,484.61292716583336,112.62883614502924,20,0,18,10,19
SL-CASE-0270,14,62.335545062824075,444.55663807416664,115.08100626982906,14,0,12,6,12
SL-CASE-0271,18,134.0225164465278,917.9225375477778,189.2082585127451,18,0,15,9,16
SL-CASE-0272,18,112.31315082953704,952.3885386697223,158.5597423475817,18,0,15,9,15
SL-CASE-0273,20,87.52971840886573,359.2596943,110.56385483225147,20,0,18,10,19
SL-CASE-0274,20,122.49946276299768,798.2132244983334,154.73616349010234,20,0,18,10,18
SL-CASE-0275,16,80.69836473888888,463.23314614,129.11738358222223,16,0,15,8,15
SL-CASE-0276,14,54.55011683034722,288.4301662497222,100.70790799448717,14,0,12,7,12
SL-CASE-0277,18,95.69692402460647,572.7326024752778,135.10153979944445,18,0,16,9,16
SL-CASE-0278,16,74.54656995689814,441.07379345,119.27451193103704,16,0,14,7,15
SL-CASE-0279,18,140.41002764479165,917.9320068438889,198.22592138088234,18,0,16,9,16
SL-CASE-0280,14,51.59161553037037,260.0610045877778,95.24605944068377,14,0,10,6,10
SL-CASE-0281,16,89.0834838879051,461.6946565966666,142.53357422064815,16,0,13,7,14
SL-CASE-0282,12,42.52082438810185,221.6201966836111,92.77270775585858,12,0,10,5,10
SL-CASE-0283,16,70.92031781047453,424.3176805438889,113.47250849675926,16,0,13,7,14
SL-CASE-0284,20,82.84892293288195,305.9004387327778,104.65127107311403,20,0,18,10,18
SL-CASE-0285,14,55.97345055048611,311.98930955083335,103.33560101628206,14,0,11,6,12
SL-CASE-0286,18,106.56790556699075,465.98364927750004,150.44880785928106,18,0,17,8,18
SL-CASE-0287,18,113.0562790551273,699.9337644558334,159.60886454841503,18,0,17,9,17
SL-CASE-0288,20,112.91830863916667,516.5724306466667,142.63365301789474,20,0,18,10,18
SL-CASE-0289,14,63.49648952637731,447.1130514730556,117.2242883563889,14,0,11,6,12
SL-CASE-0290,14,64.31913784429399,459.64421620777773,118.74302371254274,14,0,11,6,12
SL-CASE-0291,20,125.55346843391204,478.7375992911111,158.59385486388888,20,0,15,10,15
SL-CASE-0292,12,58.703871651342595,348.02943656166667,128.0811745120202,12,0,10,5,10
SL-CASE-0293,14,49.283656615752314,408.0085571263889,90.98521221369658,14,0,11,6,12
SL-CASE-0294,18,85.98543915859953,470.5508633144444,121.39120822390522,18,0,17,9,18
SL-CASE-0295,16,72.40813945070602,435.7588224836111,115.85302312112962,16,0,13,7,14
SL-CASE-0296,14,64.08439107880787,466.46825833027776,118.30964506856837,14,0,12,6,12
SL-CASE-0297,14,58.910291547650466,216.74885419444442,108.75746131873932,14,0,11,6,12
SL-CASE-0298,18,89.49143684337963,528.3570828230555,126.340852014183,18,0,17,9,18
SL-CASE-0299,20,94.19577912905093,357.7483668377778,118.98414205774853,20,0,19,10,18
SL-CASE-0300,16,91.96380300212962,365.6657516486111,147.1420848034074,16,0,15,7,16
SL-CASE-0301,20,85.3316537935301,408.07860408805556,107.78735216024855,20,0,18,10,17
SL-CASE-0302,14,69.09309566488426,478.09658316388885,127.5564843044017,14,0,13,6,14
SL-CASE-0303,18,81.08365764429398,371.89831635055555,114.47104608606209,18,0,16,8,16
SL-CASE-0304,16,107.56999558568288,444.1518721811111,172.1119929370926,16,0,15,7,16
SL-CASE-0305,14,54.481157020868054,374.5552512572222,100.58059757698719,14,0,12,6,12
SL-CASE-0306,18,109.8562990436227,744.7358596055554,155.09124570864378,18,0,15,9,14
SL-CASE-0307,14,62.245164150706024,320.3984779252778,114.91414920130342,14,0,12,6,13
SL-CASE-0308,18,98.08502750643518,558.9484683747222,138.47298000908498,18,0,17,9,16
SL-CASE-0309,14,68.8242695633102,378.4925140516667,127.06018996303419,14,0,13,6,13
SL-CASE-0310,18,99.93223794497685,763.7738011244444,141.08080651055556,18,0,14,9,14
SL-CASE-0311,12,44.98122928917824,371.57357129916664,98.14086390366161,12,0,10,5,11
SL-CASE-0312,18,111.48970035681712,812.4209869466666,157.3972240331536,18,0,16,9,16
SL-CASE-0313,16,82.14309690956019,364.9285277225,131.4289550552963,16,0,14,7,14
SL-CASE-0314,14,73.30900548298611,643.899387536389,135.3397024301282,14,0,12,7,13
SL-CASE-0315,14,52.42121712689815,379.43522723055554,96.77763161888889,14,0,12,6,13
SL-CASE-0316,20,123.84872043094909,794.8658054530556,156.44048896540937,20,0,17,10,18
SL-CASE-0317,12,49.53133245849537,295.8692465266667,108.06836172762627,12,0,9,5,10
SL-CASE-0318,12,30.6324808146875,270.000564545,66.83450359568181,12,0,11,5,12
SL-CASE-0319,18,96.17237434515046,402.97674540055556,135.77276378138887,18,0,17,8,18
SL-CASE-0320,16,79.46772765568288,374.44104029694444,127.1483642490926,16,0,14,7,15
SL-CASE-0321,18,67.17546237010417,379.6515880613889,94.83594687544118,18,0,13,8,14
SL-CASE-0322,18,72.98442387445603,399.0332105836111,103.03683370511438,18,0,16,8,17
SL-CASE-0323,12,57.89259831490741,239.43964181277778,126.31112359616162,12,0,11,5,12
SL-CASE-0324,20,145.05888685606482,932.0528656377778,183.23227813397662,20,0,18,10,19
SL-CASE-0325,18,86.19234702225695,374.4866793894444,121.68331344318626,18,0,17,8,18
SL-CASE-0326,16,67.43465913092592,343.3041052586111,107.89545460948148,16,0,12,7,12
SL-CASE-0327,12,58.41058964229166,415.0342926322223,127.44128649227274,12,0,10,5,11
SL-CASE-0328,12,39.65898444231482,180.33624239583335,86.52869332868687,12,0,11,5,12
SL-CASE-0329,16,89.6924600790162,718.1755196583333,143.50793612642593,16,0,15,8,16
SL-CASE-0330,16,82.15870584767362,471.7966160033333,131.45392935627777,16,0,12,7,12
SL-CASE-0331,14,77.90814505449073,468.95311395388893,143.83042163905984,14,0,12,6,12
SL-CASE-0332,16,77.04804441865741,441.97438871833333,123.27687106985185,16,0,14,7,15
SL-CASE-0333,20,109.9192974559838,884.9561651063889,138.84542836545322,20,0,17,10,17
SL-CASE-0334,20,106.72685799736111,646.2911616394445,134.81287325982456,20,0,19,10,19
SL-CASE-0335,14,54.31248087873843,457.29533791138886,100.26919546844016,14,0,12,6,13
SL-CASE-0336,12,59.16390407439815,455.7505079886111,129.0848816168687,12,0,10,5,10
SL-CASE-0337,14,63.90218163767361,414.7933736919444,117.97325840801282,14,0,11,6,12
SL-CASE-0338,14,60.32879171081019,391.28541839666667,111.3762308507265,14,0,11,6,12
SL-CASE-0339,16,55.22582407840277,321.4202731122222,88.36131852544445,16,0,13,7,14
SL-CASE-0340,14,67.68371129871528,443.5983356922222,124.95454393608973,14,0,11,6,12
SL-CASE-0341,18,123.35512399609954,863.9072445438889,174.14841034743463,18,0,16,9,16
SL-CASE-0342,12,55.37624262097223,471.8085953394445,120.82089299121212,12,0,11,5,10
SL-CASE-0343,14,47.94715803671296,313.4569900852778,88.51783022162394,14,0,11,6,12
SL-CASE-0344,14,68.05098961241897,382.4760245622222,125.63259620754273,14,0,13,6,14
SL-CASE-0345,18,97.55842779038194,405.2344243980555,137.72954511583333,18,0,17,8,16
SL-CASE-0346,20,117.84415425773147,739.8017238861112,148.85577379923976,20,0,18,10,19
SL-CASE-0347,18,90.07081302107639,532.0257730102778,127.15879485328432,18,0,17,9,17
SL-CASE-0348,18,114.64499376898148,442.6804082852778,161.8517559091503,18,0,17,9,18
SL-CASE-0349,12,62.42451573604167,473.28976356444446,136.1989434240909,12,0,11,5,12
SL-CASE-0350,16,52.915140414143515,231.91011576222223,84.66422466262964,16,0,14,7,15
SL-CASE-0351,12,66.28205442802084,467.3776620241667,144.6153914793182,12,0,10,5,11
SL-CASE-0352,14,55.09257603010417,289.2019464525,101.7093711325,14,0,12,6,12
SL-CASE-0353,18,116.16629922878471,864.7878090913889,163.99948126416666,18,0,16,9,17
SL-CASE-0354,18,115.55170825129629,935.5897664686112,163.1318234135948,18,0,16,9,17
SL-CASE-0355,18,74.90253440333333,290.26685054333336,105.7447544517647,18,0,17,9,17
SL-CASE-0356,20,120.7311685872338,896.7640234625001,152.502528741769,20,0,16,10,17
SL-CASE-0357,18,112.87302579542825,453.68417628944445,159.350154064134,18,0,16,9,16
SL-CASE-0358,18,105.11048575075232,454.8628220188889,148.3912740010621,18,0,16,9,15
SL-CASE-0359,20,99.73682019784724,706.5019115363889,125.98335182885964,20,0,19,10,19
SL-CASE-0360,12,46.106845108229166,392.6388406125,100.59675296340909,12,0,10,5,11
SL-CASE-0361,16,68.54096276274305,327.0762730361111,109.6655404203889,16,0,13,8,14
SL-CASE-0362,14,75.17300125666667,451.54949842944444,138.78092539692307,14,0,11,6,12
SL-CASE-0363,12,49.97696908028935,429.26732839194443,109.04065981154041,12,0,10,5,11
SL-CASE-0364,20,137.26484837173612,882.0628100716667,173.38717689061403,20,0,18,10,18
SL-CASE-0365,16,75.38308248436343,423.5224257477778,120.61293197498148,16,0,15,7,16
SL-CASE-0366,18,90.7845729067014,899.3952931777777,128.16645586828432,18,0,15,9,15
SL-CASE-0367,18,94.1267767799074,442.43724313722225,132.88486133633987,18,0,16,9,16
SL-CASE-0368,20,121.28665897712963,487.3843697766667,153.20420081321637,20,0,18,10,19
SL-CASE-0369,18,56.898654850266205,322.5075920602778,80.32751272978759,18,0,15,8,16
SL-CASE-0370,14,59.214555768773145,410.0209240638889,109.31917988081197,14,0,12,6,12
SL-CASE-0371,20,103.59681239045139,477.58985334333335,130.85913144057017,20,0,17,10,17
SL-CASE-0372,14,42.55349285571759,449.89359366527776,78.56029450286324,14,0,12,6,13
SL-CASE-0373,14,53.6032867941088,449.4240974788889,98.95991408143162,14,0,11,7,11
SL-CASE-0374,14,85.81589335421296,797.1987266752778,158.42934157700856,14,0,11,7,12
SL-CASE-0375,14,60.28078285611111,271.24742775166663,111.28759911897436,14,0,12,6,13
SL-CASE-0376,12,57.243384140671296,390.8654573202778,124.89465630691919,12,0,9,5,10
SL-CASE-0377,12,54.378320177233796,478.3198843136111,118.64360765941919,12,0,10,5,10
SL-CASE-0378,14,48.99536477074074,260.28683033694443,90.45298111521367,14,0,12,6,13
SL-CASE-0379,16,66.55896764858797,459.15604497694443,106.49434823774074,16,0,15,7,16
SL-CASE-0380,16,63.356350412164346,254.2713997713889,101.37016065946297,16,0,13,7,14
SL-CASE-0381,20,129.79828214415508,774.9268312552779,163.9557248136696,20,0,17,10,18
SL-CASE-0382,16,93.47650138967593,422.18884890805555,149.56240222348148,16,0,15,7,16
SL-CASE-0383,14,79.10882900723381,475.9477721875,146.04706893643163,14,0,13,6,13
SL-CASE-0384,20,105.80706470077547,479.67201946527774,133.65102909571638,20,0,18,10,19
SL-CASE-0385,14,70.45530525203704,468.43542498694444,130.07133277299144,14,0,12,7,12
SL-CASE-0386,14,51.5928652990162,334.72350864472224,95.24836670587607,14,0,12,6,13
SL-CASE-0387,18,85.54245822049769,346.3483892055556,120.76582337011438,18,0,16,9,16
SL-CASE-0388,14,50.24383401320601,324.74122378666664,92.75784740899573,14,0,11,6,12
SL-CASE-0389,14,61.272850502789346,463.35972859055556,113.11910862053419,14,0,12,6,12
SL-CASE-0390,12,44.87659854984954,282.9856848986111,97.91257865421717,12,0,11,5,11
SL-CASE-0391,20,104.24258614712964,660.1361499313889,131.67484565953217,20,0,19,10,19
SL-CASE-0392,14,79.4542303449074,341.54886185472225,146.68473294444445,14,0,13,7,12
SL-CASE-0393,18,113.13842818005787,921.0392083019445,159.72483978361112,18,0,15,9,15
SL-CASE-0394,14,83.23484299107639,457.0005527055556,153.6643255219872,14,0,10,6,11
SL-CASE-0395,18,85.36203555061343,523.8550978944444,120.51110901263071,18,0,16,9,15
SL-CASE-0396,14,62.00977650410879,565.2295858111111,114.47958739220086,14,0,12,7,13
SL-CASE-0397,16,80.33822706802083,376.19911316583335,128.54116330883332,16,0,13,7,13
SL-CASE-0398,18,100.42046638987269,455.1264979830556,141.7700701974673,18,0,16,8,17
SL-CASE-0399,14,63.623590620960655,257.9189461358333,117.45893653100427,14,0,12,6,13
SL-CASE-0400,12,60.81083318070603,391.85747617833334,132.67818148517676,12,0,9,5,10
SL-CASE-0401,12,176.91540959159724,2679.9341908822225,385.9972572907576,12,0,9,5,10
SL-CASE-0402,12,126.24165621994212,1812.0575664344447,275.4363408435101,12,0,10,5,10
SL-CASE-0403,18,192.48491241872685,2341.721997767778,271.7434057676144,18,0,14,9,15
SL-CASE-0404,16,229.91648884133105,3100.0263433777777,367.86638214612964,16,0,14,8,15
SL-CASE-0405,12,178.27169957399306,3074.0573067297223,388.9564354341667,12,0,11,5,10
SL-CASE-0406,20,254.2368148222801,3424.006413521111,321.1412397755117,20,0,17,10,17
SL-CASE-0407,14,122.31428549680555,2011.5323083311112,225.8109886094872,14,0,13,6,14
SL-CASE-0408,14,159.52283678680556,2422.8187473797225,294.50369868333337,14,0,12,7,12
SL-CASE-0409,18,194.16523416414353,2547.0890128122223,274.11562470232025,18,0,17,9,18
SL-CASE-0410,18,201.25133178020832,1966.120616237222,284.11952721911763,18,0,16,9,17
SL-CASE-0411,14,207.85799214569445,3274.1526123241665,383.73783165358975,14,0,12,7,13
SL-CASE-0412,12,182.8352343391435,3595.0243528499996,398.9132385581313,12,0,9,5,10
SL-CASE-0413,16,262.46126458598377,3820.387106523889,419.93802333757407,16,0,14,8,14
SL-CASE-0414,12,159.47906680818286,2637.960604748333,347.95432758148985,12,0,11,5,10
SL-CASE-0415,18,160.69644667719908,2266.311876041111,226.86557177957516,18,0,15,8,16
SL-CASE-0416,20,192.26058748057872,2077.5870234558333,242.85547892283626,20,0,17,10,18
SL-CASE-0417,14,136.52351480416667,1999.3707202461112,252.04341194615387,14,0,12,6,13
SL-CASE-0418,16,151.67744940783567,2184.8829134655557,242.68391905253705,16,0,15,7,16
SL-CASE-0419,20,245.35944311375002,3688.3545382569446,309.92771761736844,20,0,16,10,16
SL-CASE-0420,14,155.12324568686344,2300.77554723,286.38137665267095,14,0,12,6,12
SL-CASE-0435,14,44.798799742662034,384.29316849194447,82.70547644799146,12,2,10,5,10
SL-CASE-0444,17,75.27796960359953,552.3498616969445,112.91695440539931,17,0,15,11,16
SL-CASE-0451,17,51.615759402731484,213.98634418194445,77.42363910409722,17,0,15,10,16
SL-CASE-0458,15,66.14177549288195,432.32001106583334,113.38590084494048,15,0,12,9,12
SL-CASE-0461,24,83.81165860993056,699.8246024338889,87.45564376688405,14,10,13,9,11
SL-CASE-0462,19,67.88406962512731,440.56948900916666,90.51209283350309,14,5,13,6,13
SL-CASE-0463,20,46.95906081186343,237.81639295805556,59.31670839393275,12,8,10,5,10
SL-CASE-0464,26,84.94957510372686,695.4391291816667,81.55159209957777,18,8,16,9,17
SL-CASE-0465,24,60.75421717034722,298.21239219194445,63.3957048734058,14,10,13,6,14
SL-CASE-0466,19,38.673511844293984,220.4940563972222,51.56468245905864,12,7,10,7,10
SL-CASE-0467,19,61.0193362721412,339.8892848666667,81.3591150295216,12,7,11,5,12
SL-CASE-0468,24,72.3753697091088,415.5256930983333,75.52212491385266,16,8,16,9,16
SL-CASE-0469,22,62.673415109178244,416.47329733000004,71.62676012477513,14,8,14,10,12
SL-CASE-0470,30,104.59766329173611,415.9453555775,86.56358341385058,20,10,18,14,17
SL-CASE-0471,19,33.61939852289352,176.9364315925,44.825864697191356,12,7,11,7,10
SL-CASE-0472,26,77.68082158403935,327.9985685855556,74.57358872067778,18,8,16,11,14
SL-CASE-0473,20,48.826888601678235,366.22894943777777,61.6760698126462,12,8,13,7,12
SL-CASE-0474,19,44.17285387913195,265.5893236597222,58.89713850550926,14,5,14,8,13
SL-CASE-0475,26,78.31159846513889,414.6886945322222,75.17913452653333,16,10,17,11,15
SL-CASE-0476,25,103.14129429818286,466.70867216305555,103.14129429818287,20,5,18,10,17
SL-CASE-0477,21,38.00374834824074,286.5607995097222,45.604498017888886,12,9,13,7,12
SL-CASE-0478,22,29.020249194745368,239.69880645,33.165999079708996,12,10,11,7,11
SL-CASE-0479,27,105.00244346435186,659.4422153702778,96.92533242863249,18,9,20,13,17
SL-CASE-0480,22,51.92009490824074,452.6191692441667,59.337251323703704,12,10,9,7,8
SL-CASE-0484,16,29.883795142442132,237.45137364916664,47.81407222790741,12,4,15,12,10
SL-CASE-0485,28,87.02296567660879,349.97571116805557,77.35374726809671,20,8,24,17,17
SL-CASE-0487,25,84.1531593555787,440.35123576194445,84.15315935557871,18,7,21,16,14
SL-CASE-0489,28,107.71223270548612,315.5025594247222,95.74420684932099,20,8,27,19,17
SL-CASE-0490,16,59.812606785567134,378.04101457027775,95.7001708569074,12,4,15,11,11
SL-CASE-0491,28,96.55180483465278,285.3492848675,85.82382651969135,20,8,27,19,19
SL-CASE-0493,28,113.13009716777778,452.15696386944444,100.56008637135803,20,8,26,21,18
SL-CASE-0495,19,50.15275165444445,204.29285909916666,66.87033553925926,14,5,17,13,13
SL-CASE-0496,22,53.58084236008102,267.9362395233333,61.23524841152116,16,6,21,13,15
SL-CASE-0498,28,99.1609579160301,620.837714148889,88.14307370313786,20,8,24,19,16
SL-CASE-0499,19,65.75273535240741,330.84150102944443,87.67031380320988,14,5,18,13,13
SL-CASE-0500,28,95.73422442020834,374.5738041197222,85.09708837351852,20,8,27,17,20
