Research_ID,Combined_Group,Evaluation_Fold,In_Arm_A_Training,In_Arm_A_Evaluation,Arm_A_Notes,Synthetic_Families_In_Training
STATE-LEASE-001,CG-STATE-LEASE-001,2,True,True,Baseline record; appears in training for all folds except Evaluation_Fold.,N/A — Arm A has no synthetic augmentation.
STATE-LEASE-002,CG-STATE-LEASE-002,5,True,True,Baseline record; appears in training for all folds except Evaluation_Fold.,N/A — Arm A has no synthetic augmentation.
STATE-LEASE-003,CG-STATE-LEASE-003,4,True,True,Baseline record; appears in training for all folds except Evaluation_Fold.,N/A — Arm A has no synthetic augmentation.
STATE-LEASE-004,CG-STATE-LEASE-004,1,True,True,Baseline record; appears in training for all folds except Evaluation_Fold.,N/A — Arm A has no synthetic augmentation.
STATE-LEASE-005,CG-STATE-LEASE-005,2,True,True,Baseline record; appears in training for all folds except Evaluation_Fold.,N/A — Arm A has no synthetic augmentation.
STATE-LEASE-006,CG-STATE-LEASE-006,1,True,True,Baseline record; appears in training for all folds except Evaluation_Fold.,N/A — Arm A has no synthetic augmentation.
STATE-LEASE-007,CG-STATE-LEASE-007,3,True,True,Baseline record; appears in training for all folds except Evaluation_Fold.,N/A — Arm A has no synthetic augmentation.
STATE-LEASE-008,CG-STATE-LEASE-008,3,True,True,Baseline record; appears in training for all folds except Evaluation_Fold.,N/A — Arm A has no synthetic augmentation.
STATE-LEASE-009,CG-STATE-LEASE-009,5,True,True,Baseline record; appears in training for all folds except Evaluation_Fold.,N/A — Arm A has no synthetic augmentation.
STATE-LEASE-010,CG-STATE-LEASE-010,2,True,True,Baseline record; appears in training for all folds except Evaluation_Fold.,N/A — Arm A has no synthetic augmentation.
STATE-LEASE-011,CG-STATE-LEASE-011,4,True,True,Baseline record; appears in training for all folds except Evaluation_Fold.,N/A — Arm A has no synthetic augmentation.
STATE-LEASE-012,CG-STATE-LEASE-012,3,True,True,Baseline record; appears in training for all folds except Evaluation_Fold.,N/A — Arm A has no synthetic augmentation.
STATE-LEASE-013,CG-STATE-LEASE-013,1,True,True,Baseline record; appears in training for all folds except Evaluation_Fold.,N/A — Arm A has no synthetic augmentation.
STATE-LEASE-014,CG-STATE-LEASE-014,4,True,True,Baseline record; appears in training for all folds except Evaluation_Fold.,N/A — Arm A has no synthetic augmentation.
STATE-LEASE-015,CG-STATE-LEASE-015,2,True,True,Baseline record; appears in training for all folds except Evaluation_Fold.,N/A — Arm A has no synthetic augmentation.
STATE-LEASE-016,CG-STATE-LEASE-016,2,True,True,Baseline record; appears in training for all folds except Evaluation_Fold.,N/A — Arm A has no synthetic augmentation.
STATE-LEASE-017,CG-STATE-LEASE-017,3,True,True,Baseline record; appears in training for all folds except Evaluation_Fold.,N/A — Arm A has no synthetic augmentation.
STATE-LEASE-018,CG-STATE-LEASE-018,5,True,True,Baseline record; appears in training for all folds except Evaluation_Fold.,N/A — Arm A has no synthetic augmentation.
STATE-LEASE-019,CG-STATE-LEASE-019,5,True,True,Baseline record; appears in training for all folds except Evaluation_Fold.,N/A — Arm A has no synthetic augmentation.
STATE-LEASE-020,CG-STATE-LEASE-020,4,True,True,Baseline record; appears in training for all folds except Evaluation_Fold.,N/A — Arm A has no synthetic augmentation.
STATE-LEASE-021,CG-STATE-LEASE-021,4,True,True,Baseline record; appears in training for all folds except Evaluation_Fold.,N/A — Arm A has no synthetic augmentation.
STATE-LEASE-022,CG-STATE-LEASE-022,5,True,True,Baseline record; appears in training for all folds except Evaluation_Fold.,N/A — Arm A has no synthetic augmentation.
STATE-LEASE-023,CG-STATE-LEASE-023,1,True,True,Baseline record; appears in training for all folds except Evaluation_Fold.,N/A — Arm A has no synthetic augmentation.
STATE-LEASE-024,CG-STATE-LEASE-024,5,True,True,Baseline record; appears in training for all folds except Evaluation_Fold.,N/A — Arm A has no synthetic augmentation.
STATE-LEASE-025,CG-STATE-LEASE-025,2,True,True,Baseline record; appears in training for all folds except Evaluation_Fold.,N/A — Arm A has no synthetic augmentation.
STATE-LEASE-026,CG-STATE-LEASE-026,5,True,True,Baseline record; appears in training for all folds except Evaluation_Fold.,N/A — Arm A has no synthetic augmentation.
STATE-LEASE-027,CG-STATE-LEASE-027,4,True,True,Baseline record; appears in training for all folds except Evaluation_Fold.,N/A — Arm A has no synthetic augmentation.
STATE-LEASE-028,CG-STATE-LEASE-027,4,True,True,Baseline record; appears in training for all folds except Evaluation_Fold.,N/A — Arm A has no synthetic augmentation.
STATE-LEASE-029,CG-STATE-LEASE-029,2,True,True,Baseline record; appears in training for all folds except Evaluation_Fold.,N/A — Arm A has no synthetic augmentation.
STATE-LEASE-030,CG-STATE-LEASE-030,3,True,True,Baseline record; appears in training for all folds except Evaluation_Fold.,N/A — Arm A has no synthetic augmentation.
STATE-LEASE-031,CG-STATE-LEASE-030,3,True,True,Baseline record; appears in training for all folds except Evaluation_Fold.,N/A — Arm A has no synthetic augmentation.
STATE-LEASE-032,CG-STATE-LEASE-030,3,True,True,Baseline record; appears in training for all folds except Evaluation_Fold.,N/A — Arm A has no synthetic augmentation.
STATE-LEASE-033,CG-STATE-LEASE-030,3,True,True,Baseline record; appears in training for all folds except Evaluation_Fold.,N/A — Arm A has no synthetic augmentation.
STATE-LEASE-034,CG-STATE-LEASE-030,3,True,True,Baseline record; appears in training for all folds except Evaluation_Fold.,N/A — Arm A has no synthetic augmentation.
STATE-LEASE-035,CG-STATE-LEASE-030,3,True,True,Baseline record; appears in training for all folds except Evaluation_Fold.,N/A — Arm A has no synthetic augmentation.
STATE-LEASE-036,CG-STATE-LEASE-030,3,True,True,Baseline record; appears in training for all folds except Evaluation_Fold.,N/A — Arm A has no synthetic augmentation.
STATE-LEASE-037,CG-STATE-LEASE-037,2,True,True,Baseline record; appears in training for all folds except Evaluation_Fold.,N/A — Arm A has no synthetic augmentation.
STATE-LEASE-038,CG-STATE-LEASE-038,4,True,True,Baseline record; appears in training for all folds except Evaluation_Fold.,N/A — Arm A has no synthetic augmentation.
STATE-LEASE-039,CG-STATE-LEASE-039,3,True,True,Baseline record; appears in training for all folds except Evaluation_Fold.,N/A — Arm A has no synthetic augmentation.
STATE-LEASE-040,CG-STATE-LEASE-040,2,True,True,Baseline record; appears in training for all folds except Evaluation_Fold.,N/A — Arm A has no synthetic augmentation.
STATE-LEASE-041,CG-STATE-LEASE-041,5,True,True,Baseline record; appears in training for all folds except Evaluation_Fold.,N/A — Arm A has no synthetic augmentation.
STATE-LEASE-042,CG-STATE-LEASE-042,1,True,True,Baseline record; appears in training for all folds except Evaluation_Fold.,N/A — Arm A has no synthetic augmentation.
STATE-LEASE-043,CG-STATE-LEASE-042,1,True,True,Baseline record; appears in training for all folds except Evaluation_Fold.,N/A — Arm A has no synthetic augmentation.
STATE-LEASE-044,CG-STATE-LEASE-030,3,True,True,Baseline record; appears in training for all folds except Evaluation_Fold.,N/A — Arm A has no synthetic augmentation.
STATE-LEASE-045,CG-STATE-LEASE-030,3,True,True,Baseline record; appears in training for all folds except Evaluation_Fold.,N/A — Arm A has no synthetic augmentation.
STATE-LEASE-046,CG-STATE-LEASE-030,3,True,True,Baseline record; appears in training for all folds except Evaluation_Fold.,N/A — Arm A has no synthetic augmentation.
STATE-LEASE-047,CG-STATE-LEASE-030,3,True,True,Baseline record; appears in training for all folds except Evaluation_Fold.,N/A — Arm A has no synthetic augmentation.
STATE-LEASE-048,CG-STATE-LEASE-030,3,True,True,Baseline record; appears in training for all folds except Evaluation_Fold.,N/A — Arm A has no synthetic augmentation.
STATE-LEASE-049,CG-STATE-LEASE-030,3,True,True,Baseline record; appears in training for all folds except Evaluation_Fold.,N/A — Arm A has no synthetic augmentation.
STATE-LEASE-050,CG-STATE-LEASE-030,3,True,True,Baseline record; appears in training for all folds except Evaluation_Fold.,N/A — Arm A has no synthetic augmentation.
STATE-LEASE-051,CG-STATE-LEASE-030,3,True,True,Baseline record; appears in training for all folds except Evaluation_Fold.,N/A — Arm A has no synthetic augmentation.
STATE-LEASE-052,CG-STATE-LEASE-030,3,True,True,Baseline record; appears in training for all folds except Evaluation_Fold.,N/A — Arm A has no synthetic augmentation.
STATE-LEASE-053,CG-STATE-LEASE-030,3,True,True,Baseline record; appears in training for all folds except Evaluation_Fold.,N/A — Arm A has no synthetic augmentation.
STATE-LEASE-054,CG-STATE-LEASE-030,3,True,True,Baseline record; appears in training for all folds except Evaluation_Fold.,N/A — Arm A has no synthetic augmentation.
STATE-LEASE-055,CG-STATE-LEASE-030,3,True,True,Baseline record; appears in training for all folds except Evaluation_Fold.,N/A — Arm A has no synthetic augmentation.
STATE-LEASE-056,CG-STATE-LEASE-030,3,True,True,Baseline record; appears in training for all folds except Evaluation_Fold.,N/A — Arm A has no synthetic augmentation.
STATE-LEASE-057,CG-STATE-LEASE-030,3,True,True,Baseline record; appears in training for all folds except Evaluation_Fold.,N/A — Arm A has no synthetic augmentation.
STATE-LEASE-058,CG-STATE-LEASE-030,3,True,True,Baseline record; appears in training for all folds except Evaluation_Fold.,N/A — Arm A has no synthetic augmentation.
STATE-LEASE-059,CG-STATE-LEASE-030,3,True,True,Baseline record; appears in training for all folds except Evaluation_Fold.,N/A — Arm A has no synthetic augmentation.
STATE-LEASE-060,CG-STATE-LEASE-030,3,True,True,Baseline record; appears in training for all folds except Evaluation_Fold.,N/A — Arm A has no synthetic augmentation.
STATE-LEASE-061,CG-STATE-LEASE-030,3,True,True,Baseline record; appears in training for all folds except Evaluation_Fold.,N/A — Arm A has no synthetic augmentation.
STATE-LEASE-062,CG-STATE-LEASE-030,3,True,True,Baseline record; appears in training for all folds except Evaluation_Fold.,N/A — Arm A has no synthetic augmentation.
WEB-063,CG-WEB-063,2,True,True,Baseline record; appears in training for all folds except Evaluation_Fold.,N/A — Arm A has no synthetic augmentation.
WEB-064,CG-WEB-063,2,True,True,Baseline record; appears in training for all folds except Evaluation_Fold.,N/A — Arm A has no synthetic augmentation.
WEB-065,CG-WEB-065,3,True,True,Baseline record; appears in training for all folds except Evaluation_Fold.,N/A — Arm A has no synthetic augmentation.
WEB-066,CG-WEB-065,3,True,True,Baseline record; appears in training for all folds except Evaluation_Fold.,N/A — Arm A has no synthetic augmentation.
WEB-067,CG-WEB-067,4,True,True,Baseline record; appears in training for all folds except Evaluation_Fold.,N/A — Arm A has no synthetic augmentation.
WEB-068,CG-WEB-068,1,True,True,Baseline record; appears in training for all folds except Evaluation_Fold.,N/A — Arm A has no synthetic augmentation.
WEB-069,CG-WEB-069,1,True,True,Baseline record; appears in training for all folds except Evaluation_Fold.,N/A — Arm A has no synthetic augmentation.
WEB-070,CG-WEB-070,4,True,True,Baseline record; appears in training for all folds except Evaluation_Fold.,N/A — Arm A has no synthetic augmentation.
WEB-071,CG-WEB-070,4,True,True,Baseline record; appears in training for all folds except Evaluation_Fold.,N/A — Arm A has no synthetic augmentation.
WEB-072,CG-WEB-070,4,True,True,Baseline record; appears in training for all folds except Evaluation_Fold.,N/A — Arm A has no synthetic augmentation.
WEB-073,CG-WEB-073,4,True,True,Baseline record; appears in training for all folds except Evaluation_Fold.,N/A — Arm A has no synthetic augmentation.
WEB-074,CG-WEB-074,5,True,True,Baseline record; appears in training for all folds except Evaluation_Fold.,N/A — Arm A has no synthetic augmentation.
WEB-075,CG-WEB-074,5,True,True,Baseline record; appears in training for all folds except Evaluation_Fold.,N/A — Arm A has no synthetic augmentation.
WEB-076,CG-WEB-076,2,True,True,Baseline record; appears in training for all folds except Evaluation_Fold.,N/A — Arm A has no synthetic augmentation.
WEB-077,CG-WEB-076,2,True,True,Baseline record; appears in training for all folds except Evaluation_Fold.,N/A — Arm A has no synthetic augmentation.
WEB-078,CG-WEB-076,2,True,True,Baseline record; appears in training for all folds except Evaluation_Fold.,N/A — Arm A has no synthetic augmentation.
WEB-079,CG-STATE-LEASE-029,2,True,True,Baseline record; appears in training for all folds except Evaluation_Fold.,N/A — Arm A has no synthetic augmentation.
WEB-080,CG-STATE-LEASE-029,2,True,True,Baseline record; appears in training for all folds except Evaluation_Fold.,N/A — Arm A has no synthetic augmentation.
WEB-081,CG-WEB-081,1,True,True,Baseline record; appears in training for all folds except Evaluation_Fold.,N/A — Arm A has no synthetic augmentation.
WEB-082,CG-WEB-082,5,True,True,Baseline record; appears in training for all folds except Evaluation_Fold.,N/A — Arm A has no synthetic augmentation.
WEB-083,CG-WEB-083,3,True,True,Baseline record; appears in training for all folds except Evaluation_Fold.,N/A — Arm A has no synthetic augmentation.
WEB-084,CG-WEB-084,4,True,True,Baseline record; appears in training for all folds except Evaluation_Fold.,N/A — Arm A has no synthetic augmentation.
WEB-085,CG-WEB-085,4,True,True,Baseline record; appears in training for all folds except Evaluation_Fold.,N/A — Arm A has no synthetic augmentation.
WEB-086,CG-WEB-086,1,True,True,Baseline record; appears in training for all folds except Evaluation_Fold.,N/A — Arm A has no synthetic augmentation.
WEB-087,CG-WEB-087,5,True,True,Baseline record; appears in training for all folds except Evaluation_Fold.,N/A — Arm A has no synthetic augmentation.
WEB-088,CG-WEB-088,2,True,True,Baseline record; appears in training for all folds except Evaluation_Fold.,N/A — Arm A has no synthetic augmentation.
WEB-089,CG-WEB-089,3,True,True,Baseline record; appears in training for all folds except Evaluation_Fold.,N/A — Arm A has no synthetic augmentation.
WEB-090,CG-WEB-090,5,True,True,Baseline record; appears in training for all folds except Evaluation_Fold.,N/A — Arm A has no synthetic augmentation.
WEB-091,CG-WEB-091,5,True,True,Baseline record; appears in training for all folds except Evaluation_Fold.,N/A — Arm A has no synthetic augmentation.
WEB-092,CG-WEB-092,5,True,True,Baseline record; appears in training for all folds except Evaluation_Fold.,N/A — Arm A has no synthetic augmentation.
WEB-093,CG-WEB-093,2,True,True,Baseline record; appears in training for all folds except Evaluation_Fold.,N/A — Arm A has no synthetic augmentation.
WEB-094,CG-WEB-094,3,True,True,Baseline record; appears in training for all folds except Evaluation_Fold.,N/A — Arm A has no synthetic augmentation.
WEB-095,CG-WEB-095,4,True,True,Baseline record; appears in training for all folds except Evaluation_Fold.,N/A — Arm A has no synthetic augmentation.
WEB-096,CG-WEB-096,3,True,True,Baseline record; appears in training for all folds except Evaluation_Fold.,N/A — Arm A has no synthetic augmentation.
WEB-097,CG-WEB-097,2,True,True,Baseline record; appears in training for all folds except Evaluation_Fold.,N/A — Arm A has no synthetic augmentation.
WEB-098,CG-WEB-098,5,True,True,Baseline record; appears in training for all folds except Evaluation_Fold.,N/A — Arm A has no synthetic augmentation.
WEB-099,CG-WEB-099,2,True,True,Baseline record; appears in training for all folds except Evaluation_Fold.,N/A — Arm A has no synthetic augmentation.
WEB-100,CG-WEB-100,3,True,True,Baseline record; appears in training for all folds except Evaluation_Fold.,N/A — Arm A has no synthetic augmentation.
WEB-101,CG-WEB-101,4,True,True,Baseline record; appears in training for all folds except Evaluation_Fold.,N/A — Arm A has no synthetic augmentation.
WEB-102,CG-WEB-102,4,True,True,Baseline record; appears in training for all folds except Evaluation_Fold.,N/A — Arm A has no synthetic augmentation.
WEB-103,CG-WEB-103,2,True,True,Baseline record; appears in training for all folds except Evaluation_Fold.,N/A — Arm A has no synthetic augmentation.
WEB-104,CG-WEB-104,3,True,True,Baseline record; appears in training for all folds except Evaluation_Fold.,N/A — Arm A has no synthetic augmentation.
WEB-105,CG-WEB-105,5,True,True,Baseline record; appears in training for all folds except Evaluation_Fold.,N/A — Arm A has no synthetic augmentation.
WEB-106,CG-WEB-106,1,True,True,Baseline record; appears in training for all folds except Evaluation_Fold.,N/A — Arm A has no synthetic augmentation.
WEB-107,CG-WEB-107,4,True,True,Baseline record; appears in training for all folds except Evaluation_Fold.,N/A — Arm A has no synthetic augmentation.
WEB-108,CG-WEB-108,2,True,True,Baseline record; appears in training for all folds except Evaluation_Fold.,N/A — Arm A has no synthetic augmentation.
WEB-109,CG-WEB-109,3,True,True,Baseline record; appears in training for all folds except Evaluation_Fold.,N/A — Arm A has no synthetic augmentation.
WEB-110,CG-WEB-110,4,True,True,Baseline record; appears in training for all folds except Evaluation_Fold.,N/A — Arm A has no synthetic augmentation.
WEB-111,CG-WEB-107,4,True,True,Baseline record; appears in training for all folds except Evaluation_Fold.,N/A — Arm A has no synthetic augmentation.
WEB-112,CG-WEB-112,2,True,True,Baseline record; appears in training for all folds except Evaluation_Fold.,N/A — Arm A has no synthetic augmentation.
WEB-113,CG-WEB-113,5,True,True,Baseline record; appears in training for all folds except Evaluation_Fold.,N/A — Arm A has no synthetic augmentation.
WEB-114,CG-WEB-114,5,True,True,Baseline record; appears in training for all folds except Evaluation_Fold.,N/A — Arm A has no synthetic augmentation.
WEB-115,CG-WEB-115,5,True,True,Baseline record; appears in training for all folds except Evaluation_Fold.,N/A — Arm A has no synthetic augmentation.
WEB-116,CG-WEB-116,4,True,True,Baseline record; appears in training for all folds except Evaluation_Fold.,N/A — Arm A has no synthetic augmentation.
WEB-117,CG-WEB-117,3,True,True,Baseline record; appears in training for all folds except Evaluation_Fold.,N/A — Arm A has no synthetic augmentation.
WEB-118,CG-WEB-118,4,True,True,Baseline record; appears in training for all folds except Evaluation_Fold.,N/A — Arm A has no synthetic augmentation.
WEB-119,CG-WEB-119,2,True,True,Baseline record; appears in training for all folds except Evaluation_Fold.,N/A — Arm A has no synthetic augmentation.
WEB-120,CG-WEB-120,3,True,True,Baseline record; appears in training for all folds except Evaluation_Fold.,N/A — Arm A has no synthetic augmentation.
WEB-121,CG-WEB-121,3,True,True,Baseline record; appears in training for all folds except Evaluation_Fold.,N/A — Arm A has no synthetic augmentation.
WEB-122,CG-WEB-122,2,True,True,Baseline record; appears in training for all folds except Evaluation_Fold.,N/A — Arm A has no synthetic augmentation.
WEB-123,CG-WEB-123,5,True,True,Baseline record; appears in training for all folds except Evaluation_Fold.,N/A — Arm A has no synthetic augmentation.
WEB-124,CG-WEB-124,5,True,True,Baseline record; appears in training for all folds except Evaluation_Fold.,N/A — Arm A has no synthetic augmentation.
WEB-125,CG-WEB-125,4,True,True,Baseline record; appears in training for all folds except Evaluation_Fold.,N/A — Arm A has no synthetic augmentation.
WEB-126,CG-WEB-126,2,True,True,Baseline record; appears in training for all folds except Evaluation_Fold.,N/A — Arm A has no synthetic augmentation.
WEB-127,CG-WEB-127,3,True,True,Baseline record; appears in training for all folds except Evaluation_Fold.,N/A — Arm A has no synthetic augmentation.
WEB-128,CG-WEB-128,1,True,True,Baseline record; appears in training for all folds except Evaluation_Fold.,N/A — Arm A has no synthetic augmentation.
WEB-129,CG-WEB-129,4,True,True,Baseline record; appears in training for all folds except Evaluation_Fold.,N/A — Arm A has no synthetic augmentation.
WEB-130,CG-WEB-130,1,True,True,Baseline record; appears in training for all folds except Evaluation_Fold.,N/A — Arm A has no synthetic augmentation.
WEB-131,CG-WEB-131,3,True,True,Baseline record; appears in training for all folds except Evaluation_Fold.,N/A — Arm A has no synthetic augmentation.
WEB-132,CG-WEB-128,1,True,True,Baseline record; appears in training for all folds except Evaluation_Fold.,N/A — Arm A has no synthetic augmentation.
WEB-133,CG-WEB-133,5,True,True,Baseline record; appears in training for all folds except Evaluation_Fold.,N/A — Arm A has no synthetic augmentation.
WEB-134,CG-WEB-134,2,True,True,Baseline record; appears in training for all folds except Evaluation_Fold.,N/A — Arm A has no synthetic augmentation.
WEB-135,CG-WEB-135,4,True,True,Baseline record; appears in training for all folds except Evaluation_Fold.,N/A — Arm A has no synthetic augmentation.
WEB-136,CG-WEB-136,2,True,True,Baseline record; appears in training for all folds except Evaluation_Fold.,N/A — Arm A has no synthetic augmentation.
WEB-137,CG-WEB-137,3,True,True,Baseline record; appears in training for all folds except Evaluation_Fold.,N/A — Arm A has no synthetic augmentation.
WEB-138,CG-WEB-134,2,True,True,Baseline record; appears in training for all folds except Evaluation_Fold.,N/A — Arm A has no synthetic augmentation.
WEB-139,CG-WEB-135,4,True,True,Baseline record; appears in training for all folds except Evaluation_Fold.,N/A — Arm A has no synthetic augmentation.
WEB-140,CG-WEB-140,5,True,True,Baseline record; appears in training for all folds except Evaluation_Fold.,N/A — Arm A has no synthetic augmentation.
WEB-141,CG-WEB-141,2,True,True,Baseline record; appears in training for all folds except Evaluation_Fold.,N/A — Arm A has no synthetic augmentation.
WEB-142,CG-WEB-142,5,True,True,Baseline record; appears in training for all folds except Evaluation_Fold.,N/A — Arm A has no synthetic augmentation.
WEB-143,CG-WEB-143,4,True,True,Baseline record; appears in training for all folds except Evaluation_Fold.,N/A — Arm A has no synthetic augmentation.
WEB-144,CG-WEB-140,5,True,True,Baseline record; appears in training for all folds except Evaluation_Fold.,N/A — Arm A has no synthetic augmentation.
WEB-145,CG-WEB-145,1,True,True,Baseline record; appears in training for all folds except Evaluation_Fold.,N/A — Arm A has no synthetic augmentation.
WEB-146,CG-WEB-142,5,True,True,Baseline record; appears in training for all folds except Evaluation_Fold.,N/A — Arm A has no synthetic augmentation.
WEB-147,CG-WEB-147,3,True,True,Baseline record; appears in training for all folds except Evaluation_Fold.,N/A — Arm A has no synthetic augmentation.
WEB-148,CG-WEB-148,4,True,True,Baseline record; appears in training for all folds except Evaluation_Fold.,N/A — Arm A has no synthetic augmentation.
WEB-149,CG-WEB-149,2,True,True,Baseline record; appears in training for all folds except Evaluation_Fold.,N/A — Arm A has no synthetic augmentation.
WEB-150,CG-WEB-150,2,True,True,Baseline record; appears in training for all folds except Evaluation_Fold.,N/A — Arm A has no synthetic augmentation.
WEB-151,CG-WEB-147,3,True,True,Baseline record; appears in training for all folds except Evaluation_Fold.,N/A — Arm A has no synthetic augmentation.
WEB-152,CG-WEB-152,1,True,True,Baseline record; appears in training for all folds except Evaluation_Fold.,N/A — Arm A has no synthetic augmentation.
WEB-153,CG-WEB-153,4,True,True,Baseline record; appears in training for all folds except Evaluation_Fold.,N/A — Arm A has no synthetic augmentation.
WEB-154,CG-WEB-154,5,True,True,Baseline record; appears in training for all folds except Evaluation_Fold.,N/A — Arm A has no synthetic augmentation.
WEB-155,CG-WEB-155,3,True,True,Baseline record; appears in training for all folds except Evaluation_Fold.,N/A — Arm A has no synthetic augmentation.
WEB-156,CG-WEB-152,1,True,True,Baseline record; appears in training for all folds except Evaluation_Fold.,N/A — Arm A has no synthetic augmentation.
WEB-157,CG-WEB-157,5,True,True,Baseline record; appears in training for all folds except Evaluation_Fold.,N/A — Arm A has no synthetic augmentation.
WEB-158,CG-WEB-158,2,True,True,Baseline record; appears in training for all folds except Evaluation_Fold.,N/A — Arm A has no synthetic augmentation.
WEB-159,CG-WEB-159,2,True,True,Baseline record; appears in training for all folds except Evaluation_Fold.,N/A — Arm A has no synthetic augmentation.
WEB-160,CG-WEB-160,3,True,True,Baseline record; appears in training for all folds except Evaluation_Fold.,N/A — Arm A has no synthetic augmentation.
WEB-161,CG-WEB-157,5,True,True,Baseline record; appears in training for all folds except Evaluation_Fold.,N/A — Arm A has no synthetic augmentation.
WEB-162,CG-WEB-162,1,True,True,Baseline record; appears in training for all folds except Evaluation_Fold.,N/A — Arm A has no synthetic augmentation.
WEB-163,CG-WEB-163,5,True,True,Baseline record; appears in training for all folds except Evaluation_Fold.,N/A — Arm A has no synthetic augmentation.
WEB-164,CG-WEB-164,4,True,True,Baseline record; appears in training for all folds except Evaluation_Fold.,N/A — Arm A has no synthetic augmentation.
WEB-165,CG-WEB-165,4,True,True,Baseline record; appears in training for all folds except Evaluation_Fold.,N/A — Arm A has no synthetic augmentation.
WEB-166,CG-WEB-162,1,True,True,Baseline record; appears in training for all folds except Evaluation_Fold.,N/A — Arm A has no synthetic augmentation.
WEB-167,CG-WEB-167,1,True,True,Baseline record; appears in training for all folds except Evaluation_Fold.,N/A — Arm A has no synthetic augmentation.
WEB-168,CG-WEB-168,1,True,True,Baseline record; appears in training for all folds except Evaluation_Fold.,N/A — Arm A has no synthetic augmentation.
WEB-169,CG-WEB-165,4,True,True,Baseline record; appears in training for all folds except Evaluation_Fold.,N/A — Arm A has no synthetic augmentation.
WEB-170,CG-WEB-170,3,True,True,Baseline record; appears in training for all folds except Evaluation_Fold.,N/A — Arm A has no synthetic augmentation.
WEB-171,CG-WEB-171,3,True,True,Baseline record; appears in training for all folds except Evaluation_Fold.,N/A — Arm A has no synthetic augmentation.
WEB-172,CG-WEB-172,5,True,True,Baseline record; appears in training for all folds except Evaluation_Fold.,N/A — Arm A has no synthetic augmentation.
WEB-173,CG-WEB-173,2,True,True,Baseline record; appears in training for all folds except Evaluation_Fold.,N/A — Arm A has no synthetic augmentation.
WEB-174,CG-WEB-174,3,True,True,Baseline record; appears in training for all folds except Evaluation_Fold.,N/A — Arm A has no synthetic augmentation.
WEB-175,CG-WEB-171,3,True,True,Baseline record; appears in training for all folds except Evaluation_Fold.,N/A — Arm A has no synthetic augmentation.
WEB-176,CG-WEB-172,5,True,True,Baseline record; appears in training for all folds except Evaluation_Fold.,N/A — Arm A has no synthetic augmentation.
WEB-177,CG-WEB-177,4,True,True,Baseline record; appears in training for all folds except Evaluation_Fold.,N/A — Arm A has no synthetic augmentation.
WEB-178,CG-WEB-178,4,True,True,Baseline record; appears in training for all folds except Evaluation_Fold.,N/A — Arm A has no synthetic augmentation.
WEB-179,CG-WEB-179,1,True,True,Baseline record; appears in training for all folds except Evaluation_Fold.,N/A — Arm A has no synthetic augmentation.
WEB-180,CG-WEB-180,5,True,True,Baseline record; appears in training for all folds except Evaluation_Fold.,N/A — Arm A has no synthetic augmentation.
WEB-181,CG-WEB-177,4,True,True,Baseline record; appears in training for all folds except Evaluation_Fold.,N/A — Arm A has no synthetic augmentation.
WEB-182,CG-WEB-178,4,True,True,Baseline record; appears in training for all folds except Evaluation_Fold.,N/A — Arm A has no synthetic augmentation.
WEB-183,CG-WEB-183,3,True,True,Baseline record; appears in training for all folds except Evaluation_Fold.,N/A — Arm A has no synthetic augmentation.
WEB-184,CG-WEB-184,4,True,True,Baseline record; appears in training for all folds except Evaluation_Fold.,N/A — Arm A has no synthetic augmentation.
WEB-185,CG-WEB-185,3,True,True,Baseline record; appears in training for all folds except Evaluation_Fold.,N/A — Arm A has no synthetic augmentation.
WEB-186,CG-WEB-186,5,True,True,Baseline record; appears in training for all folds except Evaluation_Fold.,N/A — Arm A has no synthetic augmentation.
WEB-187,CG-WEB-183,3,True,True,Baseline record; appears in training for all folds except Evaluation_Fold.,N/A — Arm A has no synthetic augmentation.
WEB-188,CG-WEB-184,4,True,True,Baseline record; appears in training for all folds except Evaluation_Fold.,N/A — Arm A has no synthetic augmentation.
WEB-189,CG-WEB-189,2,True,True,Baseline record; appears in training for all folds except Evaluation_Fold.,N/A — Arm A has no synthetic augmentation.
WEB-190,CG-WEB-190,3,True,True,Baseline record; appears in training for all folds except Evaluation_Fold.,N/A — Arm A has no synthetic augmentation.
WEB-191,CG-WEB-191,5,True,True,Baseline record; appears in training for all folds except Evaluation_Fold.,N/A — Arm A has no synthetic augmentation.
WEB-192,CG-WEB-192,2,True,True,Baseline record; appears in training for all folds except Evaluation_Fold.,N/A — Arm A has no synthetic augmentation.
WEB-193,CG-WEB-189,2,True,True,Baseline record; appears in training for all folds except Evaluation_Fold.,N/A — Arm A has no synthetic augmentation.
WEB-194,CG-WEB-190,3,True,True,Baseline record; appears in training for all folds except Evaluation_Fold.,N/A — Arm A has no synthetic augmentation.
WEB-195,CG-WEB-195,4,True,True,Baseline record; appears in training for all folds except Evaluation_Fold.,N/A — Arm A has no synthetic augmentation.
WEB-196,CG-WEB-196,1,True,True,Baseline record; appears in training for all folds except Evaluation_Fold.,N/A — Arm A has no synthetic augmentation.
WEB-197,CG-WEB-197,2,True,True,Baseline record; appears in training for all folds except Evaluation_Fold.,N/A — Arm A has no synthetic augmentation.
WEB-198,CG-WEB-198,1,True,True,Baseline record; appears in training for all folds except Evaluation_Fold.,N/A — Arm A has no synthetic augmentation.
WEB-199,CG-WEB-195,4,True,True,Baseline record; appears in training for all folds except Evaluation_Fold.,N/A — Arm A has no synthetic augmentation.
WEB-200,CG-WEB-196,1,True,True,Baseline record; appears in training for all folds except Evaluation_Fold.,N/A — Arm A has no synthetic augmentation.
