Synthetic_Family_ID,Research_IDs,Review_Decision,Effective_Label,Fold,Included,Exclusion_Reason,Related_Baseline_IDs,Related_Combined_Groups,Related_Evaluation_Folds
SYN-FAM-001,SYN-0001; SYN-0002; SYN-0003,Approved,Administrative / Procedural / Integrity,1,True,,,,
SYN-FAM-001,SYN-0001; SYN-0002; SYN-0003,Approved,Administrative / Procedural / Integrity,2,True,,,,
SYN-FAM-001,SYN-0001; SYN-0002; SYN-0003,Approved,Administrative / Procedural / Integrity,3,True,,,,
SYN-FAM-001,SYN-0001; SYN-0002; SYN-0003,Approved,Administrative / Procedural / Integrity,4,True,,,,
SYN-FAM-001,SYN-0001; SYN-0002; SYN-0003,Approved,Administrative / Procedural / Integrity,5,True,,,,
SYN-FAM-002,SYN-0004; SYN-0005; SYN-0006,Approved,Administrative / Procedural / Integrity,1,True,,,,
SYN-FAM-002,SYN-0004; SYN-0005; SYN-0006,Approved,Administrative / Procedural / Integrity,2,True,,,,
SYN-FAM-002,SYN-0004; SYN-0005; SYN-0006,Approved,Administrative / Procedural / Integrity,3,True,,,,
SYN-FAM-002,SYN-0004; SYN-0005; SYN-0006,Approved,Administrative / Procedural / Integrity,4,True,,,,
SYN-FAM-002,SYN-0004; SYN-0005; SYN-0006,Approved,Administrative / Procedural / Integrity,5,True,,,,
SYN-FAM-003,SYN-0007; SYN-0008; SYN-0009,Approved,Administrative / Procedural / Integrity,1,True,,,,
SYN-FAM-003,SYN-0007; SYN-0008; SYN-0009,Approved,Administrative / Procedural / Integrity,2,True,,,,
SYN-FAM-003,SYN-0007; SYN-0008; SYN-0009,Approved,Administrative / Procedural / Integrity,3,True,,,,
SYN-FAM-003,SYN-0007; SYN-0008; SYN-0009,Approved,Administrative / Procedural / Integrity,4,True,,,,
SYN-FAM-003,SYN-0007; SYN-0008; SYN-0009,Approved,Administrative / Procedural / Integrity,5,True,,,,
SYN-FAM-004,SYN-0010; SYN-0011; SYN-0012,Approved,Administrative / Procedural / Integrity,1,True,,,,
SYN-FAM-004,SYN-0010; SYN-0011; SYN-0012,Approved,Administrative / Procedural / Integrity,2,True,,,,
SYN-FAM-004,SYN-0010; SYN-0011; SYN-0012,Approved,Administrative / Procedural / Integrity,3,True,,,,
SYN-FAM-004,SYN-0010; SYN-0011; SYN-0012,Approved,Administrative / Procedural / Integrity,4,True,,,,
SYN-FAM-004,SYN-0010; SYN-0011; SYN-0012,Approved,Administrative / Procedural / Integrity,5,True,,,,
SYN-FAM-005,SYN-0013; SYN-0014; SYN-0015,unreviewed,,all,False,unreviewed,,,
SYN-FAM-006,SYN-0016; SYN-0017; SYN-0018,Approved,Administrative / Procedural / Integrity,1,True,,,,
SYN-FAM-006,SYN-0016; SYN-0017; SYN-0018,Approved,Administrative / Procedural / Integrity,2,True,,,,
SYN-FAM-006,SYN-0016; SYN-0017; SYN-0018,Approved,Administrative / Procedural / Integrity,3,True,,,,
SYN-FAM-006,SYN-0016; SYN-0017; SYN-0018,Approved,Administrative / Procedural / Integrity,4,True,,,,
SYN-FAM-006,SYN-0016; SYN-0017; SYN-0018,Approved,Administrative / Procedural / Integrity,5,True,,,,
SYN-FAM-007,SYN-0019; SYN-0020; SYN-0021,Approved,Administrative / Procedural / Integrity,1,True,,,,
SYN-FAM-007,SYN-0019; SYN-0020; SYN-0021,Approved,Administrative / Procedural / Integrity,2,True,,,,
SYN-FAM-007,SYN-0019; SYN-0020; SYN-0021,Approved,Administrative / Procedural / Integrity,3,True,,,,
SYN-FAM-007,SYN-0019; SYN-0020; SYN-0021,Approved,Administrative / Procedural / Integrity,4,True,,,,
SYN-FAM-007,SYN-0019; SYN-0020; SYN-0021,Approved,Administrative / Procedural / Integrity,5,True,,,,
SYN-FAM-008,SYN-0022; SYN-0023; SYN-0024,unreviewed,,all,False,unreviewed,,,
SYN-FAM-009,SYN-0025; SYN-0026; SYN-0027,Approved,Administrative / Procedural / Integrity,1,True,,,,
SYN-FAM-009,SYN-0025; SYN-0026; SYN-0027,Approved,Administrative / Procedural / Integrity,2,True,,,,
SYN-FAM-009,SYN-0025; SYN-0026; SYN-0027,Approved,Administrative / Procedural / Integrity,3,True,,,,
SYN-FAM-009,SYN-0025; SYN-0026; SYN-0027,Approved,Administrative / Procedural / Integrity,4,True,,,,
SYN-FAM-009,SYN-0025; SYN-0026; SYN-0027,Approved,Administrative / Procedural / Integrity,5,True,,,,
SYN-FAM-010,SYN-0028; SYN-0029; SYN-0030,unreviewed,,all,False,unreviewed,,,
SYN-FAM-011,SYN-0031; SYN-0032; SYN-0033,Approved,Administrative / Procedural / Integrity,1,True,,,,
SYN-FAM-011,SYN-0031; SYN-0032; SYN-0033,Approved,Administrative / Procedural / Integrity,2,True,,,,
SYN-FAM-011,SYN-0031; SYN-0032; SYN-0033,Approved,Administrative / Procedural / Integrity,3,True,,,,
SYN-FAM-011,SYN-0031; SYN-0032; SYN-0033,Approved,Administrative / Procedural / Integrity,4,True,,,,
SYN-FAM-011,SYN-0031; SYN-0032; SYN-0033,Approved,Administrative / Procedural / Integrity,5,True,,,,
SYN-FAM-012,SYN-0034; SYN-0035; SYN-0036,unreviewed,,all,False,unreviewed,,,
SYN-FAM-013,SYN-0037; SYN-0038; SYN-0039,Approved,Administrative / Procedural / Integrity,1,True,,,,
SYN-FAM-013,SYN-0037; SYN-0038; SYN-0039,Approved,Administrative / Procedural / Integrity,2,True,,,,
SYN-FAM-013,SYN-0037; SYN-0038; SYN-0039,Approved,Administrative / Procedural / Integrity,3,True,,,,
SYN-FAM-013,SYN-0037; SYN-0038; SYN-0039,Approved,Administrative / Procedural / Integrity,4,True,,,,
SYN-FAM-013,SYN-0037; SYN-0038; SYN-0039,Approved,Administrative / Procedural / Integrity,5,True,,,,
SYN-FAM-014,SYN-0040; SYN-0041; SYN-0042,unreviewed,,all,False,unreviewed,,,
SYN-FAM-015,SYN-0043; SYN-0044; SYN-0045,unreviewed,,all,False,unreviewed,,,
SYN-FAM-016,SYN-0046; SYN-0047; SYN-0048,Approved,Administrative / Procedural / Integrity,1,True,,,,
SYN-FAM-016,SYN-0046; SYN-0047; SYN-0048,Approved,Administrative / Procedural / Integrity,2,True,,,,
SYN-FAM-016,SYN-0046; SYN-0047; SYN-0048,Approved,Administrative / Procedural / Integrity,3,True,,,,
SYN-FAM-016,SYN-0046; SYN-0047; SYN-0048,Approved,Administrative / Procedural / Integrity,4,True,,,,
SYN-FAM-016,SYN-0046; SYN-0047; SYN-0048,Approved,Administrative / Procedural / Integrity,5,True,,,,
SYN-FAM-017,SYN-0049; SYN-0050; SYN-0051,Approved,Administrative / Procedural / Integrity,1,True,,,,
SYN-FAM-017,SYN-0049; SYN-0050; SYN-0051,Approved,Administrative / Procedural / Integrity,2,True,,,,
SYN-FAM-017,SYN-0049; SYN-0050; SYN-0051,Approved,Administrative / Procedural / Integrity,3,True,,,,
SYN-FAM-017,SYN-0049; SYN-0050; SYN-0051,Approved,Administrative / Procedural / Integrity,4,True,,,,
SYN-FAM-017,SYN-0049; SYN-0050; SYN-0051,Approved,Administrative / Procedural / Integrity,5,True,,,,
SYN-FAM-018,SYN-0052; SYN-0053; SYN-0054,Approved,Administrative / Procedural / Integrity,1,True,,,,
SYN-FAM-018,SYN-0052; SYN-0053; SYN-0054,Approved,Administrative / Procedural / Integrity,2,True,,,,
SYN-FAM-018,SYN-0052; SYN-0053; SYN-0054,Approved,Administrative / Procedural / Integrity,3,True,,,,
SYN-FAM-018,SYN-0052; SYN-0053; SYN-0054,Approved,Administrative / Procedural / Integrity,4,True,,,,
SYN-FAM-018,SYN-0052; SYN-0053; SYN-0054,Approved,Administrative / Procedural / Integrity,5,True,,,,
SYN-FAM-019,SYN-0055; SYN-0056; SYN-0057,Approved,Administrative / Procedural / Integrity,1,True,,,,
SYN-FAM-019,SYN-0055; SYN-0056; SYN-0057,Approved,Administrative / Procedural / Integrity,2,True,,,,
SYN-FAM-019,SYN-0055; SYN-0056; SYN-0057,Approved,Administrative / Procedural / Integrity,3,True,,,,
SYN-FAM-019,SYN-0055; SYN-0056; SYN-0057,Approved,Administrative / Procedural / Integrity,4,True,,,,
SYN-FAM-019,SYN-0055; SYN-0056; SYN-0057,Approved,Administrative / Procedural / Integrity,5,True,,,,
SYN-FAM-020,SYN-0058; SYN-0059; SYN-0060,unreviewed,,all,False,unreviewed,,,
SYN-FAM-021,SYN-0061; SYN-0062; SYN-0063,Approved,Administrative / Procedural / Integrity,1,True,,,,
SYN-FAM-021,SYN-0061; SYN-0062; SYN-0063,Approved,Administrative / Procedural / Integrity,2,True,,,,
SYN-FAM-021,SYN-0061; SYN-0062; SYN-0063,Approved,Administrative / Procedural / Integrity,3,True,,,,
SYN-FAM-021,SYN-0061; SYN-0062; SYN-0063,Approved,Administrative / Procedural / Integrity,4,True,,,,
SYN-FAM-021,SYN-0061; SYN-0062; SYN-0063,Approved,Administrative / Procedural / Integrity,5,True,,,,
SYN-FAM-022,SYN-0064; SYN-0065; SYN-0066,unreviewed,,all,False,unreviewed,,,
SYN-FAM-023,SYN-0067; SYN-0068; SYN-0069,Approved,Administrative / Procedural / Integrity,1,True,,,,
SYN-FAM-023,SYN-0067; SYN-0068; SYN-0069,Approved,Administrative / Procedural / Integrity,2,True,,,,
SYN-FAM-023,SYN-0067; SYN-0068; SYN-0069,Approved,Administrative / Procedural / Integrity,3,True,,,,
SYN-FAM-023,SYN-0067; SYN-0068; SYN-0069,Approved,Administrative / Procedural / Integrity,4,True,,,,
SYN-FAM-023,SYN-0067; SYN-0068; SYN-0069,Approved,Administrative / Procedural / Integrity,5,True,,,,
SYN-FAM-024,SYN-0070; SYN-0071; SYN-0072,unreviewed,,all,False,unreviewed,,,
SYN-FAM-025,SYN-0073; SYN-0074; SYN-0075,Approved,Administrative / Procedural / Integrity,1,True,,,,
SYN-FAM-025,SYN-0073; SYN-0074; SYN-0075,Approved,Administrative / Procedural / Integrity,2,True,,,,
SYN-FAM-025,SYN-0073; SYN-0074; SYN-0075,Approved,Administrative / Procedural / Integrity,3,True,,,,
SYN-FAM-025,SYN-0073; SYN-0074; SYN-0075,Approved,Administrative / Procedural / Integrity,4,True,,,,
SYN-FAM-025,SYN-0073; SYN-0074; SYN-0075,Approved,Administrative / Procedural / Integrity,5,True,,,,
SYN-FAM-026,SYN-0076; SYN-0077; SYN-0078,Approved,Lease Revenue / Payment / Enforcement,1,True,,,,
SYN-FAM-026,SYN-0076; SYN-0077; SYN-0078,Approved,Lease Revenue / Payment / Enforcement,2,True,,,,
SYN-FAM-026,SYN-0076; SYN-0077; SYN-0078,Approved,Lease Revenue / Payment / Enforcement,3,True,,,,
SYN-FAM-026,SYN-0076; SYN-0077; SYN-0078,Approved,Lease Revenue / Payment / Enforcement,4,True,,,,
SYN-FAM-026,SYN-0076; SYN-0077; SYN-0078,Approved,Lease Revenue / Payment / Enforcement,5,True,,,,
SYN-FAM-027,SYN-0079; SYN-0080; SYN-0081,Approved,Lease Revenue / Payment / Enforcement,1,True,,,,
SYN-FAM-027,SYN-0079; SYN-0080; SYN-0081,Approved,Lease Revenue / Payment / Enforcement,2,True,,,,
SYN-FAM-027,SYN-0079; SYN-0080; SYN-0081,Approved,Lease Revenue / Payment / Enforcement,3,True,,,,
SYN-FAM-027,SYN-0079; SYN-0080; SYN-0081,Approved,Lease Revenue / Payment / Enforcement,4,True,,,,
SYN-FAM-027,SYN-0079; SYN-0080; SYN-0081,Approved,Lease Revenue / Payment / Enforcement,5,True,,,,
SYN-FAM-028,SYN-0082; SYN-0083; SYN-0084,Approved,Lease Revenue / Payment / Enforcement,1,True,,,,
SYN-FAM-028,SYN-0082; SYN-0083; SYN-0084,Approved,Lease Revenue / Payment / Enforcement,2,True,,,,
SYN-FAM-028,SYN-0082; SYN-0083; SYN-0084,Approved,Lease Revenue / Payment / Enforcement,3,True,,,,
SYN-FAM-028,SYN-0082; SYN-0083; SYN-0084,Approved,Lease Revenue / Payment / Enforcement,4,True,,,,
SYN-FAM-028,SYN-0082; SYN-0083; SYN-0084,Approved,Lease Revenue / Payment / Enforcement,5,True,,,,
SYN-FAM-029,SYN-0085; SYN-0086; SYN-0087,unreviewed,,all,False,unreviewed,,,
SYN-FAM-030,SYN-0088; SYN-0089; SYN-0090,Approved,Lease Revenue / Payment / Enforcement,1,True,,,,
SYN-FAM-030,SYN-0088; SYN-0089; SYN-0090,Approved,Lease Revenue / Payment / Enforcement,2,True,,,,
SYN-FAM-030,SYN-0088; SYN-0089; SYN-0090,Approved,Lease Revenue / Payment / Enforcement,3,True,,,,
SYN-FAM-030,SYN-0088; SYN-0089; SYN-0090,Approved,Lease Revenue / Payment / Enforcement,4,True,,,,
SYN-FAM-030,SYN-0088; SYN-0089; SYN-0090,Approved,Lease Revenue / Payment / Enforcement,5,True,,,,
SYN-FAM-031,SYN-0091; SYN-0092; SYN-0093,Approved,Lease Revenue / Payment / Enforcement,1,True,,,,
SYN-FAM-031,SYN-0091; SYN-0092; SYN-0093,Approved,Lease Revenue / Payment / Enforcement,2,True,,,,
SYN-FAM-031,SYN-0091; SYN-0092; SYN-0093,Approved,Lease Revenue / Payment / Enforcement,3,True,,,,
SYN-FAM-031,SYN-0091; SYN-0092; SYN-0093,Approved,Lease Revenue / Payment / Enforcement,4,True,,,,
SYN-FAM-031,SYN-0091; SYN-0092; SYN-0093,Approved,Lease Revenue / Payment / Enforcement,5,True,,,,
SYN-FAM-032,SYN-0094; SYN-0095; SYN-0096,Approved,Lease Revenue / Payment / Enforcement,1,True,,,,
SYN-FAM-032,SYN-0094; SYN-0095; SYN-0096,Approved,Lease Revenue / Payment / Enforcement,2,True,,,,
SYN-FAM-032,SYN-0094; SYN-0095; SYN-0096,Approved,Lease Revenue / Payment / Enforcement,3,True,,,,
SYN-FAM-032,SYN-0094; SYN-0095; SYN-0096,Approved,Lease Revenue / Payment / Enforcement,4,True,,,,
SYN-FAM-032,SYN-0094; SYN-0095; SYN-0096,Approved,Lease Revenue / Payment / Enforcement,5,True,,,,
SYN-FAM-033,SYN-0097; SYN-0098; SYN-0099,Approved,Lease Revenue / Payment / Enforcement,1,True,,,,
SYN-FAM-033,SYN-0097; SYN-0098; SYN-0099,Approved,Lease Revenue / Payment / Enforcement,2,True,,,,
SYN-FAM-033,SYN-0097; SYN-0098; SYN-0099,Approved,Lease Revenue / Payment / Enforcement,3,True,,,,
SYN-FAM-033,SYN-0097; SYN-0098; SYN-0099,Approved,Lease Revenue / Payment / Enforcement,4,True,,,,
SYN-FAM-033,SYN-0097; SYN-0098; SYN-0099,Approved,Lease Revenue / Payment / Enforcement,5,True,,,,
SYN-FAM-034,SYN-0100; SYN-0101; SYN-0102,Approved,Lease Revenue / Payment / Enforcement,1,True,,,,
SYN-FAM-034,SYN-0100; SYN-0101; SYN-0102,Approved,Lease Revenue / Payment / Enforcement,2,True,,,,
SYN-FAM-034,SYN-0100; SYN-0101; SYN-0102,Approved,Lease Revenue / Payment / Enforcement,3,True,,,,
SYN-FAM-034,SYN-0100; SYN-0101; SYN-0102,Approved,Lease Revenue / Payment / Enforcement,4,True,,,,
SYN-FAM-034,SYN-0100; SYN-0101; SYN-0102,Approved,Lease Revenue / Payment / Enforcement,5,True,,,,
SYN-FAM-035,SYN-0103; SYN-0104; SYN-0105,unreviewed,,all,False,unreviewed,,,
SYN-FAM-036,SYN-0106; SYN-0107; SYN-0108,Approved,Lease Revenue / Payment / Enforcement,1,True,,,,
SYN-FAM-036,SYN-0106; SYN-0107; SYN-0108,Approved,Lease Revenue / Payment / Enforcement,2,True,,,,
SYN-FAM-036,SYN-0106; SYN-0107; SYN-0108,Approved,Lease Revenue / Payment / Enforcement,3,True,,,,
SYN-FAM-036,SYN-0106; SYN-0107; SYN-0108,Approved,Lease Revenue / Payment / Enforcement,4,True,,,,
SYN-FAM-036,SYN-0106; SYN-0107; SYN-0108,Approved,Lease Revenue / Payment / Enforcement,5,True,,,,
SYN-FAM-037,SYN-0109; SYN-0110; SYN-0111,Approved,Lease Revenue / Payment / Enforcement,1,True,,,,
SYN-FAM-037,SYN-0109; SYN-0110; SYN-0111,Approved,Lease Revenue / Payment / Enforcement,2,True,,,,
SYN-FAM-037,SYN-0109; SYN-0110; SYN-0111,Approved,Lease Revenue / Payment / Enforcement,3,True,,,,
SYN-FAM-037,SYN-0109; SYN-0110; SYN-0111,Approved,Lease Revenue / Payment / Enforcement,4,True,,,,
SYN-FAM-037,SYN-0109; SYN-0110; SYN-0111,Approved,Lease Revenue / Payment / Enforcement,5,True,,,,
SYN-FAM-038,SYN-0112; SYN-0113; SYN-0114,Approved,Lease Revenue / Payment / Enforcement,1,True,,,,
SYN-FAM-038,SYN-0112; SYN-0113; SYN-0114,Approved,Lease Revenue / Payment / Enforcement,2,True,,,,
SYN-FAM-038,SYN-0112; SYN-0113; SYN-0114,Approved,Lease Revenue / Payment / Enforcement,3,True,,,,
SYN-FAM-038,SYN-0112; SYN-0113; SYN-0114,Approved,Lease Revenue / Payment / Enforcement,4,True,,,,
SYN-FAM-038,SYN-0112; SYN-0113; SYN-0114,Approved,Lease Revenue / Payment / Enforcement,5,True,,,,
SYN-FAM-039,SYN-0115; SYN-0116; SYN-0117,Approved,Lease Revenue / Payment / Enforcement,1,True,,,,
SYN-FAM-039,SYN-0115; SYN-0116; SYN-0117,Approved,Lease Revenue / Payment / Enforcement,2,True,,,,
SYN-FAM-039,SYN-0115; SYN-0116; SYN-0117,Approved,Lease Revenue / Payment / Enforcement,3,True,,,,
SYN-FAM-039,SYN-0115; SYN-0116; SYN-0117,Approved,Lease Revenue / Payment / Enforcement,4,True,,,,
SYN-FAM-039,SYN-0115; SYN-0116; SYN-0117,Approved,Lease Revenue / Payment / Enforcement,5,True,,,,
SYN-FAM-040,SYN-0118; SYN-0119; SYN-0120,Approved,Lease Revenue / Payment / Enforcement,1,True,,,,
SYN-FAM-040,SYN-0118; SYN-0119; SYN-0120,Approved,Lease Revenue / Payment / Enforcement,2,True,,,,
SYN-FAM-040,SYN-0118; SYN-0119; SYN-0120,Approved,Lease Revenue / Payment / Enforcement,3,True,,,,
SYN-FAM-040,SYN-0118; SYN-0119; SYN-0120,Approved,Lease Revenue / Payment / Enforcement,4,True,,,,
SYN-FAM-040,SYN-0118; SYN-0119; SYN-0120,Approved,Lease Revenue / Payment / Enforcement,5,True,,,,
SYN-FAM-041,SYN-0121; SYN-0122; SYN-0123,Approved,Lease Revenue / Payment / Enforcement,1,True,,,,
SYN-FAM-041,SYN-0121; SYN-0122; SYN-0123,Approved,Lease Revenue / Payment / Enforcement,2,True,,,,
SYN-FAM-041,SYN-0121; SYN-0122; SYN-0123,Approved,Lease Revenue / Payment / Enforcement,3,True,,,,
SYN-FAM-041,SYN-0121; SYN-0122; SYN-0123,Approved,Lease Revenue / Payment / Enforcement,4,True,,,,
SYN-FAM-041,SYN-0121; SYN-0122; SYN-0123,Approved,Lease Revenue / Payment / Enforcement,5,True,,,,
SYN-FAM-042,SYN-0124; SYN-0125; SYN-0126,Approved,Lease Revenue / Payment / Enforcement,1,True,,,,
SYN-FAM-042,SYN-0124; SYN-0125; SYN-0126,Approved,Lease Revenue / Payment / Enforcement,2,True,,,,
SYN-FAM-042,SYN-0124; SYN-0125; SYN-0126,Approved,Lease Revenue / Payment / Enforcement,3,True,,,,
SYN-FAM-042,SYN-0124; SYN-0125; SYN-0126,Approved,Lease Revenue / Payment / Enforcement,4,True,,,,
SYN-FAM-042,SYN-0124; SYN-0125; SYN-0126,Approved,Lease Revenue / Payment / Enforcement,5,True,,,,
SYN-FAM-043,SYN-0127; SYN-0128; SYN-0129,Approved,Lease Revenue / Payment / Enforcement,1,True,,,,
SYN-FAM-043,SYN-0127; SYN-0128; SYN-0129,Approved,Lease Revenue / Payment / Enforcement,2,True,,,,
SYN-FAM-043,SYN-0127; SYN-0128; SYN-0129,Approved,Lease Revenue / Payment / Enforcement,3,True,,,,
SYN-FAM-043,SYN-0127; SYN-0128; SYN-0129,Approved,Lease Revenue / Payment / Enforcement,4,True,,,,
SYN-FAM-043,SYN-0127; SYN-0128; SYN-0129,Approved,Lease Revenue / Payment / Enforcement,5,True,,,,
SYN-FAM-044,SYN-0130; SYN-0131; SYN-0132,Approved,Lease Revenue / Payment / Enforcement,1,True,,,,
SYN-FAM-044,SYN-0130; SYN-0131; SYN-0132,Approved,Lease Revenue / Payment / Enforcement,2,True,,,,
SYN-FAM-044,SYN-0130; SYN-0131; SYN-0132,Approved,Lease Revenue / Payment / Enforcement,3,True,,,,
SYN-FAM-044,SYN-0130; SYN-0131; SYN-0132,Approved,Lease Revenue / Payment / Enforcement,4,True,,,,
SYN-FAM-044,SYN-0130; SYN-0131; SYN-0132,Approved,Lease Revenue / Payment / Enforcement,5,True,,,,
SYN-FAM-045,SYN-0133; SYN-0134; SYN-0135,Approved,Lease Revenue / Payment / Enforcement,1,True,,,,
SYN-FAM-045,SYN-0133; SYN-0134; SYN-0135,Approved,Lease Revenue / Payment / Enforcement,2,True,,,,
SYN-FAM-045,SYN-0133; SYN-0134; SYN-0135,Approved,Lease Revenue / Payment / Enforcement,3,True,,,,
SYN-FAM-045,SYN-0133; SYN-0134; SYN-0135,Approved,Lease Revenue / Payment / Enforcement,4,True,,,,
SYN-FAM-045,SYN-0133; SYN-0134; SYN-0135,Approved,Lease Revenue / Payment / Enforcement,5,True,,,,
SYN-FAM-046,SYN-0136; SYN-0137; SYN-0138,Approved,Lease Revenue / Payment / Enforcement,1,True,,,,
SYN-FAM-046,SYN-0136; SYN-0137; SYN-0138,Approved,Lease Revenue / Payment / Enforcement,2,True,,,,
SYN-FAM-046,SYN-0136; SYN-0137; SYN-0138,Approved,Lease Revenue / Payment / Enforcement,3,True,,,,
SYN-FAM-046,SYN-0136; SYN-0137; SYN-0138,Approved,Lease Revenue / Payment / Enforcement,4,True,,,,
SYN-FAM-046,SYN-0136; SYN-0137; SYN-0138,Approved,Lease Revenue / Payment / Enforcement,5,True,,,,
SYN-FAM-047,SYN-0139; SYN-0140; SYN-0141,Approved,Lease Revenue / Payment / Enforcement,1,True,,,,
SYN-FAM-047,SYN-0139; SYN-0140; SYN-0141,Approved,Lease Revenue / Payment / Enforcement,2,True,,,,
SYN-FAM-047,SYN-0139; SYN-0140; SYN-0141,Approved,Lease Revenue / Payment / Enforcement,3,True,,,,
SYN-FAM-047,SYN-0139; SYN-0140; SYN-0141,Approved,Lease Revenue / Payment / Enforcement,4,True,,,,
SYN-FAM-047,SYN-0139; SYN-0140; SYN-0141,Approved,Lease Revenue / Payment / Enforcement,5,True,,,,
SYN-FAM-048,SYN-0142; SYN-0143; SYN-0144,unreviewed,,all,False,unreviewed,,,
SYN-FAM-049,SYN-0145; SYN-0146; SYN-0147,Approved,Lease Revenue / Payment / Enforcement,1,True,,,,
SYN-FAM-049,SYN-0145; SYN-0146; SYN-0147,Approved,Lease Revenue / Payment / Enforcement,2,True,,,,
SYN-FAM-049,SYN-0145; SYN-0146; SYN-0147,Approved,Lease Revenue / Payment / Enforcement,3,True,,,,
SYN-FAM-049,SYN-0145; SYN-0146; SYN-0147,Approved,Lease Revenue / Payment / Enforcement,4,True,,,,
SYN-FAM-049,SYN-0145; SYN-0146; SYN-0147,Approved,Lease Revenue / Payment / Enforcement,5,True,,,,
SYN-FAM-050,SYN-0148; SYN-0149; SYN-0150,Approved,Lease Revenue / Payment / Enforcement,1,True,,,,
SYN-FAM-050,SYN-0148; SYN-0149; SYN-0150,Approved,Lease Revenue / Payment / Enforcement,2,True,,,,
SYN-FAM-050,SYN-0148; SYN-0149; SYN-0150,Approved,Lease Revenue / Payment / Enforcement,3,True,,,,
SYN-FAM-050,SYN-0148; SYN-0149; SYN-0150,Approved,Lease Revenue / Payment / Enforcement,4,True,,,,
SYN-FAM-050,SYN-0148; SYN-0149; SYN-0150,Approved,Lease Revenue / Payment / Enforcement,5,True,,,,
SYN-FAM-051,SYN-0151; SYN-0152; SYN-0153,Approved,Unauthorized Allocation / Transfer / Use,1,True,,,,
SYN-FAM-051,SYN-0151; SYN-0152; SYN-0153,Approved,Unauthorized Allocation / Transfer / Use,2,True,,,,
SYN-FAM-051,SYN-0151; SYN-0152; SYN-0153,Approved,Unauthorized Allocation / Transfer / Use,3,True,,,,
SYN-FAM-051,SYN-0151; SYN-0152; SYN-0153,Approved,Unauthorized Allocation / Transfer / Use,4,True,,,,
SYN-FAM-051,SYN-0151; SYN-0152; SYN-0153,Approved,Unauthorized Allocation / Transfer / Use,5,True,,,,
SYN-FAM-052,SYN-0154; SYN-0155; SYN-0156,unreviewed,,all,False,unreviewed,,,
SYN-FAM-053,SYN-0157; SYN-0158; SYN-0159,Approved,Unauthorized Allocation / Transfer / Use,1,True,,,,
SYN-FAM-053,SYN-0157; SYN-0158; SYN-0159,Approved,Unauthorized Allocation / Transfer / Use,2,True,,,,
SYN-FAM-053,SYN-0157; SYN-0158; SYN-0159,Approved,Unauthorized Allocation / Transfer / Use,3,True,,,,
SYN-FAM-053,SYN-0157; SYN-0158; SYN-0159,Approved,Unauthorized Allocation / Transfer / Use,4,True,,,,
SYN-FAM-053,SYN-0157; SYN-0158; SYN-0159,Approved,Unauthorized Allocation / Transfer / Use,5,True,,,,
SYN-FAM-054,SYN-0160; SYN-0161; SYN-0162,Approved,Unauthorized Allocation / Transfer / Use,1,True,,,,
SYN-FAM-054,SYN-0160; SYN-0161; SYN-0162,Approved,Unauthorized Allocation / Transfer / Use,2,True,,,,
SYN-FAM-054,SYN-0160; SYN-0161; SYN-0162,Approved,Unauthorized Allocation / Transfer / Use,3,True,,,,
SYN-FAM-054,SYN-0160; SYN-0161; SYN-0162,Approved,Unauthorized Allocation / Transfer / Use,4,True,,,,
SYN-FAM-054,SYN-0160; SYN-0161; SYN-0162,Approved,Unauthorized Allocation / Transfer / Use,5,True,,,,
SYN-FAM-055,SYN-0163; SYN-0164; SYN-0165,unreviewed,,all,False,unreviewed,,,
SYN-FAM-056,SYN-0166; SYN-0167; SYN-0168,Approved,Unauthorized Allocation / Transfer / Use,1,True,,,,
SYN-FAM-056,SYN-0166; SYN-0167; SYN-0168,Approved,Unauthorized Allocation / Transfer / Use,2,True,,,,
SYN-FAM-056,SYN-0166; SYN-0167; SYN-0168,Approved,Unauthorized Allocation / Transfer / Use,3,True,,,,
SYN-FAM-056,SYN-0166; SYN-0167; SYN-0168,Approved,Unauthorized Allocation / Transfer / Use,4,True,,,,
SYN-FAM-056,SYN-0166; SYN-0167; SYN-0168,Approved,Unauthorized Allocation / Transfer / Use,5,True,,,,
SYN-FAM-057,SYN-0169; SYN-0170; SYN-0171,Approved,Unauthorized Allocation / Transfer / Use,1,True,,,,
SYN-FAM-057,SYN-0169; SYN-0170; SYN-0171,Approved,Unauthorized Allocation / Transfer / Use,2,True,,,,
SYN-FAM-057,SYN-0169; SYN-0170; SYN-0171,Approved,Unauthorized Allocation / Transfer / Use,3,True,,,,
SYN-FAM-057,SYN-0169; SYN-0170; SYN-0171,Approved,Unauthorized Allocation / Transfer / Use,4,True,,,,
SYN-FAM-057,SYN-0169; SYN-0170; SYN-0171,Approved,Unauthorized Allocation / Transfer / Use,5,True,,,,
SYN-FAM-058,SYN-0172; SYN-0173; SYN-0174,Approved,Unauthorized Allocation / Transfer / Use,1,True,,,,
SYN-FAM-058,SYN-0172; SYN-0173; SYN-0174,Approved,Unauthorized Allocation / Transfer / Use,2,True,,,,
SYN-FAM-058,SYN-0172; SYN-0173; SYN-0174,Approved,Unauthorized Allocation / Transfer / Use,3,True,,,,
SYN-FAM-058,SYN-0172; SYN-0173; SYN-0174,Approved,Unauthorized Allocation / Transfer / Use,4,True,,,,
SYN-FAM-058,SYN-0172; SYN-0173; SYN-0174,Approved,Unauthorized Allocation / Transfer / Use,5,True,,,,
SYN-FAM-059,SYN-0175; SYN-0176; SYN-0177,Approved,Unauthorized Allocation / Transfer / Use,1,True,,,,
SYN-FAM-059,SYN-0175; SYN-0176; SYN-0177,Approved,Unauthorized Allocation / Transfer / Use,2,True,,,,
SYN-FAM-059,SYN-0175; SYN-0176; SYN-0177,Approved,Unauthorized Allocation / Transfer / Use,3,True,,,,
SYN-FAM-059,SYN-0175; SYN-0176; SYN-0177,Approved,Unauthorized Allocation / Transfer / Use,4,True,,,,
SYN-FAM-059,SYN-0175; SYN-0176; SYN-0177,Approved,Unauthorized Allocation / Transfer / Use,5,True,,,,
SYN-FAM-060,SYN-0178; SYN-0179; SYN-0180,Approved,Unauthorized Allocation / Transfer / Use,1,True,,,,
SYN-FAM-060,SYN-0178; SYN-0179; SYN-0180,Approved,Unauthorized Allocation / Transfer / Use,2,True,,,,
SYN-FAM-060,SYN-0178; SYN-0179; SYN-0180,Approved,Unauthorized Allocation / Transfer / Use,3,True,,,,
SYN-FAM-060,SYN-0178; SYN-0179; SYN-0180,Approved,Unauthorized Allocation / Transfer / Use,4,True,,,,
SYN-FAM-060,SYN-0178; SYN-0179; SYN-0180,Approved,Unauthorized Allocation / Transfer / Use,5,True,,,,
SYN-FAM-061,SYN-0181; SYN-0182; SYN-0183,Approved,Unauthorized Allocation / Transfer / Use,1,True,,,,
SYN-FAM-061,SYN-0181; SYN-0182; SYN-0183,Approved,Unauthorized Allocation / Transfer / Use,2,True,,,,
SYN-FAM-061,SYN-0181; SYN-0182; SYN-0183,Approved,Unauthorized Allocation / Transfer / Use,3,True,,,,
SYN-FAM-061,SYN-0181; SYN-0182; SYN-0183,Approved,Unauthorized Allocation / Transfer / Use,4,True,,,,
SYN-FAM-061,SYN-0181; SYN-0182; SYN-0183,Approved,Unauthorized Allocation / Transfer / Use,5,True,,,,
SYN-FAM-062,SYN-0184; SYN-0185; SYN-0186,Approved,Unauthorized Allocation / Transfer / Use,1,True,,,,
SYN-FAM-062,SYN-0184; SYN-0185; SYN-0186,Approved,Unauthorized Allocation / Transfer / Use,2,True,,,,
SYN-FAM-062,SYN-0184; SYN-0185; SYN-0186,Approved,Unauthorized Allocation / Transfer / Use,3,True,,,,
SYN-FAM-062,SYN-0184; SYN-0185; SYN-0186,Approved,Unauthorized Allocation / Transfer / Use,4,True,,,,
SYN-FAM-062,SYN-0184; SYN-0185; SYN-0186,Approved,Unauthorized Allocation / Transfer / Use,5,True,,,,
SYN-FAM-063,SYN-0187; SYN-0188; SYN-0189,unreviewed,,all,False,unreviewed,,,
SYN-FAM-064,SYN-0190; SYN-0191; SYN-0192,Approved,Unauthorized Allocation / Transfer / Use,1,True,,,,
SYN-FAM-064,SYN-0190; SYN-0191; SYN-0192,Approved,Unauthorized Allocation / Transfer / Use,2,True,,,,
SYN-FAM-064,SYN-0190; SYN-0191; SYN-0192,Approved,Unauthorized Allocation / Transfer / Use,3,True,,,,
SYN-FAM-064,SYN-0190; SYN-0191; SYN-0192,Approved,Unauthorized Allocation / Transfer / Use,4,True,,,,
SYN-FAM-064,SYN-0190; SYN-0191; SYN-0192,Approved,Unauthorized Allocation / Transfer / Use,5,True,,,,
SYN-FAM-065,SYN-0193; SYN-0194; SYN-0195,Approved,Unauthorized Allocation / Transfer / Use,1,True,,,,
SYN-FAM-065,SYN-0193; SYN-0194; SYN-0195,Approved,Unauthorized Allocation / Transfer / Use,2,True,,,,
SYN-FAM-065,SYN-0193; SYN-0194; SYN-0195,Approved,Unauthorized Allocation / Transfer / Use,3,True,,,,
SYN-FAM-065,SYN-0193; SYN-0194; SYN-0195,Approved,Unauthorized Allocation / Transfer / Use,4,True,,,,
SYN-FAM-065,SYN-0193; SYN-0194; SYN-0195,Approved,Unauthorized Allocation / Transfer / Use,5,True,,,,
SYN-FAM-066,SYN-0196; SYN-0197; SYN-0198,Approved,Unauthorized Allocation / Transfer / Use,1,True,,,,
SYN-FAM-066,SYN-0196; SYN-0197; SYN-0198,Approved,Unauthorized Allocation / Transfer / Use,2,True,,,,
SYN-FAM-066,SYN-0196; SYN-0197; SYN-0198,Approved,Unauthorized Allocation / Transfer / Use,3,True,,,,
SYN-FAM-066,SYN-0196; SYN-0197; SYN-0198,Approved,Unauthorized Allocation / Transfer / Use,4,True,,,,
SYN-FAM-066,SYN-0196; SYN-0197; SYN-0198,Approved,Unauthorized Allocation / Transfer / Use,5,True,,,,
SYN-FAM-067,SYN-0199; SYN-0200; SYN-0201,Approved,Unauthorized Allocation / Transfer / Use,1,True,,,,
SYN-FAM-067,SYN-0199; SYN-0200; SYN-0201,Approved,Unauthorized Allocation / Transfer / Use,2,True,,,,
SYN-FAM-067,SYN-0199; SYN-0200; SYN-0201,Approved,Unauthorized Allocation / Transfer / Use,3,True,,,,
SYN-FAM-067,SYN-0199; SYN-0200; SYN-0201,Approved,Unauthorized Allocation / Transfer / Use,4,True,,,,
SYN-FAM-067,SYN-0199; SYN-0200; SYN-0201,Approved,Unauthorized Allocation / Transfer / Use,5,True,,,,
SYN-FAM-068,SYN-0202; SYN-0203; SYN-0204,Approved,Unauthorized Allocation / Transfer / Use,1,True,,,,
SYN-FAM-068,SYN-0202; SYN-0203; SYN-0204,Approved,Unauthorized Allocation / Transfer / Use,2,True,,,,
SYN-FAM-068,SYN-0202; SYN-0203; SYN-0204,Approved,Unauthorized Allocation / Transfer / Use,3,True,,,,
SYN-FAM-068,SYN-0202; SYN-0203; SYN-0204,Approved,Unauthorized Allocation / Transfer / Use,4,True,,,,
SYN-FAM-068,SYN-0202; SYN-0203; SYN-0204,Approved,Unauthorized Allocation / Transfer / Use,5,True,,,,
SYN-FAM-069,SYN-0205; SYN-0206; SYN-0207,unreviewed,,all,False,unreviewed,,,
SYN-FAM-070,SYN-0208; SYN-0209; SYN-0210,Approved,Unauthorized Allocation / Transfer / Use,1,True,,,,
SYN-FAM-070,SYN-0208; SYN-0209; SYN-0210,Approved,Unauthorized Allocation / Transfer / Use,2,True,,,,
SYN-FAM-070,SYN-0208; SYN-0209; SYN-0210,Approved,Unauthorized Allocation / Transfer / Use,3,True,,,,
SYN-FAM-070,SYN-0208; SYN-0209; SYN-0210,Approved,Unauthorized Allocation / Transfer / Use,4,True,,,,
SYN-FAM-070,SYN-0208; SYN-0209; SYN-0210,Approved,Unauthorized Allocation / Transfer / Use,5,True,,,,
SYN-FAM-071,SYN-0211; SYN-0212; SYN-0213,Approved,Unauthorized Allocation / Transfer / Use,1,True,,,,
SYN-FAM-071,SYN-0211; SYN-0212; SYN-0213,Approved,Unauthorized Allocation / Transfer / Use,2,True,,,,
SYN-FAM-071,SYN-0211; SYN-0212; SYN-0213,Approved,Unauthorized Allocation / Transfer / Use,3,True,,,,
SYN-FAM-071,SYN-0211; SYN-0212; SYN-0213,Approved,Unauthorized Allocation / Transfer / Use,4,True,,,,
SYN-FAM-071,SYN-0211; SYN-0212; SYN-0213,Approved,Unauthorized Allocation / Transfer / Use,5,True,,,,
SYN-FAM-072,SYN-0214; SYN-0215; SYN-0216,unreviewed,,all,False,unreviewed,,,
SYN-FAM-073,SYN-0217; SYN-0218; SYN-0219,Approved,Unauthorized Allocation / Transfer / Use,1,True,,,,
SYN-FAM-073,SYN-0217; SYN-0218; SYN-0219,Approved,Unauthorized Allocation / Transfer / Use,2,True,,,,
SYN-FAM-073,SYN-0217; SYN-0218; SYN-0219,Approved,Unauthorized Allocation / Transfer / Use,3,True,,,,
SYN-FAM-073,SYN-0217; SYN-0218; SYN-0219,Approved,Unauthorized Allocation / Transfer / Use,4,True,,,,
SYN-FAM-073,SYN-0217; SYN-0218; SYN-0219,Approved,Unauthorized Allocation / Transfer / Use,5,True,,,,
SYN-FAM-074,SYN-0220; SYN-0221; SYN-0222,Approved,Unauthorized Allocation / Transfer / Use,1,True,,,,
SYN-FAM-074,SYN-0220; SYN-0221; SYN-0222,Approved,Unauthorized Allocation / Transfer / Use,2,True,,,,
SYN-FAM-074,SYN-0220; SYN-0221; SYN-0222,Approved,Unauthorized Allocation / Transfer / Use,3,True,,,,
SYN-FAM-074,SYN-0220; SYN-0221; SYN-0222,Approved,Unauthorized Allocation / Transfer / Use,4,True,,,,
SYN-FAM-074,SYN-0220; SYN-0221; SYN-0222,Approved,Unauthorized Allocation / Transfer / Use,5,True,,,,
SYN-FAM-075,SYN-0223; SYN-0224; SYN-0225,unreviewed,,all,False,unreviewed,,,
SYN-FAM-076,SYN-0226; SYN-0227; SYN-0228,Approved,Protected / Environmental Lease Misuse,1,True,,,,
SYN-FAM-076,SYN-0226; SYN-0227; SYN-0228,Approved,Protected / Environmental Lease Misuse,2,True,,,,
SYN-FAM-076,SYN-0226; SYN-0227; SYN-0228,Approved,Protected / Environmental Lease Misuse,3,True,,,,
SYN-FAM-076,SYN-0226; SYN-0227; SYN-0228,Approved,Protected / Environmental Lease Misuse,4,True,,,,
SYN-FAM-076,SYN-0226; SYN-0227; SYN-0228,Approved,Protected / Environmental Lease Misuse,5,True,,,,
SYN-FAM-077,SYN-0229; SYN-0230; SYN-0231,Approved,Protected / Environmental Lease Misuse,1,True,,,,
SYN-FAM-077,SYN-0229; SYN-0230; SYN-0231,Approved,Protected / Environmental Lease Misuse,2,True,,,,
SYN-FAM-077,SYN-0229; SYN-0230; SYN-0231,Approved,Protected / Environmental Lease Misuse,3,True,,,,
SYN-FAM-077,SYN-0229; SYN-0230; SYN-0231,Approved,Protected / Environmental Lease Misuse,4,True,,,,
SYN-FAM-077,SYN-0229; SYN-0230; SYN-0231,Approved,Protected / Environmental Lease Misuse,5,True,,,,
SYN-FAM-078,SYN-0232; SYN-0233; SYN-0234,Approved,Protected / Environmental Lease Misuse,1,True,,,,
SYN-FAM-078,SYN-0232; SYN-0233; SYN-0234,Approved,Protected / Environmental Lease Misuse,2,True,,,,
SYN-FAM-078,SYN-0232; SYN-0233; SYN-0234,Approved,Protected / Environmental Lease Misuse,3,True,,,,
SYN-FAM-078,SYN-0232; SYN-0233; SYN-0234,Approved,Protected / Environmental Lease Misuse,4,True,,,,
SYN-FAM-078,SYN-0232; SYN-0233; SYN-0234,Approved,Protected / Environmental Lease Misuse,5,True,,,,
SYN-FAM-079,SYN-0235; SYN-0236; SYN-0237,Approved,Protected / Environmental Lease Misuse,1,True,,,,
SYN-FAM-079,SYN-0235; SYN-0236; SYN-0237,Approved,Protected / Environmental Lease Misuse,2,True,,,,
SYN-FAM-079,SYN-0235; SYN-0236; SYN-0237,Approved,Protected / Environmental Lease Misuse,3,True,,,,
SYN-FAM-079,SYN-0235; SYN-0236; SYN-0237,Approved,Protected / Environmental Lease Misuse,4,True,,,,
SYN-FAM-079,SYN-0235; SYN-0236; SYN-0237,Approved,Protected / Environmental Lease Misuse,5,True,,,,
SYN-FAM-080,SYN-0238; SYN-0239; SYN-0240,Approved,Protected / Environmental Lease Misuse,1,True,,,,
SYN-FAM-080,SYN-0238; SYN-0239; SYN-0240,Approved,Protected / Environmental Lease Misuse,2,True,,,,
SYN-FAM-080,SYN-0238; SYN-0239; SYN-0240,Approved,Protected / Environmental Lease Misuse,3,True,,,,
SYN-FAM-080,SYN-0238; SYN-0239; SYN-0240,Approved,Protected / Environmental Lease Misuse,4,True,,,,
SYN-FAM-080,SYN-0238; SYN-0239; SYN-0240,Approved,Protected / Environmental Lease Misuse,5,True,,,,
SYN-FAM-081,SYN-0241; SYN-0242; SYN-0243,unreviewed,,all,False,unreviewed,,,
SYN-FAM-082,SYN-0244; SYN-0245; SYN-0246,unreviewed,,all,False,unreviewed,,,
SYN-FAM-083,SYN-0247; SYN-0248; SYN-0249,Approved,Protected / Environmental Lease Misuse,1,True,,,,
SYN-FAM-083,SYN-0247; SYN-0248; SYN-0249,Approved,Protected / Environmental Lease Misuse,2,True,,,,
SYN-FAM-083,SYN-0247; SYN-0248; SYN-0249,Approved,Protected / Environmental Lease Misuse,3,True,,,,
SYN-FAM-083,SYN-0247; SYN-0248; SYN-0249,Approved,Protected / Environmental Lease Misuse,4,True,,,,
SYN-FAM-083,SYN-0247; SYN-0248; SYN-0249,Approved,Protected / Environmental Lease Misuse,5,True,,,,
SYN-FAM-084,SYN-0250; SYN-0251; SYN-0252,unreviewed,,all,False,unreviewed,,,
SYN-FAM-085,SYN-0253; SYN-0254; SYN-0255,Approved,Protected / Environmental Lease Misuse,1,True,,,,
SYN-FAM-085,SYN-0253; SYN-0254; SYN-0255,Approved,Protected / Environmental Lease Misuse,2,True,,,,
SYN-FAM-085,SYN-0253; SYN-0254; SYN-0255,Approved,Protected / Environmental Lease Misuse,3,True,,,,
SYN-FAM-085,SYN-0253; SYN-0254; SYN-0255,Approved,Protected / Environmental Lease Misuse,4,True,,,,
SYN-FAM-085,SYN-0253; SYN-0254; SYN-0255,Approved,Protected / Environmental Lease Misuse,5,True,,,,
SYN-FAM-086,SYN-0256; SYN-0257; SYN-0258,unreviewed,,all,False,unreviewed,,,
SYN-FAM-087,SYN-0259; SYN-0260; SYN-0261,unreviewed,,all,False,unreviewed,,,
SYN-FAM-088,SYN-0262; SYN-0263; SYN-0264,Approved,Protected / Environmental Lease Misuse,1,True,,,,
SYN-FAM-088,SYN-0262; SYN-0263; SYN-0264,Approved,Protected / Environmental Lease Misuse,2,True,,,,
SYN-FAM-088,SYN-0262; SYN-0263; SYN-0264,Approved,Protected / Environmental Lease Misuse,3,True,,,,
SYN-FAM-088,SYN-0262; SYN-0263; SYN-0264,Approved,Protected / Environmental Lease Misuse,4,True,,,,
SYN-FAM-088,SYN-0262; SYN-0263; SYN-0264,Approved,Protected / Environmental Lease Misuse,5,True,,,,
SYN-FAM-089,SYN-0265; SYN-0266; SYN-0267,Approved,Protected / Environmental Lease Misuse,1,True,,,,
SYN-FAM-089,SYN-0265; SYN-0266; SYN-0267,Approved,Protected / Environmental Lease Misuse,2,True,,,,
SYN-FAM-089,SYN-0265; SYN-0266; SYN-0267,Approved,Protected / Environmental Lease Misuse,3,True,,,,
SYN-FAM-089,SYN-0265; SYN-0266; SYN-0267,Approved,Protected / Environmental Lease Misuse,4,True,,,,
SYN-FAM-089,SYN-0265; SYN-0266; SYN-0267,Approved,Protected / Environmental Lease Misuse,5,True,,,,
SYN-FAM-090,SYN-0268; SYN-0269; SYN-0270,Approved,Protected / Environmental Lease Misuse,1,True,,,,
SYN-FAM-090,SYN-0268; SYN-0269; SYN-0270,Approved,Protected / Environmental Lease Misuse,2,True,,,,
SYN-FAM-090,SYN-0268; SYN-0269; SYN-0270,Approved,Protected / Environmental Lease Misuse,3,True,,,,
SYN-FAM-090,SYN-0268; SYN-0269; SYN-0270,Approved,Protected / Environmental Lease Misuse,4,True,,,,
SYN-FAM-090,SYN-0268; SYN-0269; SYN-0270,Approved,Protected / Environmental Lease Misuse,5,True,,,,
SYN-FAM-091,SYN-0271; SYN-0272; SYN-0273,Approved,Protected / Environmental Lease Misuse,1,True,,,,
SYN-FAM-091,SYN-0271; SYN-0272; SYN-0273,Approved,Protected / Environmental Lease Misuse,2,True,,,,
SYN-FAM-091,SYN-0271; SYN-0272; SYN-0273,Approved,Protected / Environmental Lease Misuse,3,True,,,,
SYN-FAM-091,SYN-0271; SYN-0272; SYN-0273,Approved,Protected / Environmental Lease Misuse,4,True,,,,
SYN-FAM-091,SYN-0271; SYN-0272; SYN-0273,Approved,Protected / Environmental Lease Misuse,5,True,,,,
SYN-FAM-092,SYN-0274; SYN-0275; SYN-0276,Approved,Protected / Environmental Lease Misuse,1,True,,,,
SYN-FAM-092,SYN-0274; SYN-0275; SYN-0276,Approved,Protected / Environmental Lease Misuse,2,True,,,,
SYN-FAM-092,SYN-0274; SYN-0275; SYN-0276,Approved,Protected / Environmental Lease Misuse,3,True,,,,
SYN-FAM-092,SYN-0274; SYN-0275; SYN-0276,Approved,Protected / Environmental Lease Misuse,4,True,,,,
SYN-FAM-092,SYN-0274; SYN-0275; SYN-0276,Approved,Protected / Environmental Lease Misuse,5,True,,,,
SYN-FAM-093,SYN-0277; SYN-0278; SYN-0279,unreviewed,,all,False,unreviewed,,,
SYN-FAM-094,SYN-0280; SYN-0281; SYN-0282,Approved,Protected / Environmental Lease Misuse,1,True,,,,
SYN-FAM-094,SYN-0280; SYN-0281; SYN-0282,Approved,Protected / Environmental Lease Misuse,2,True,,,,
SYN-FAM-094,SYN-0280; SYN-0281; SYN-0282,Approved,Protected / Environmental Lease Misuse,3,True,,,,
SYN-FAM-094,SYN-0280; SYN-0281; SYN-0282,Approved,Protected / Environmental Lease Misuse,4,True,,,,
SYN-FAM-094,SYN-0280; SYN-0281; SYN-0282,Approved,Protected / Environmental Lease Misuse,5,True,,,,
SYN-FAM-095,SYN-0283; SYN-0284; SYN-0285,Approved,Protected / Environmental Lease Misuse,1,True,,,,
SYN-FAM-095,SYN-0283; SYN-0284; SYN-0285,Approved,Protected / Environmental Lease Misuse,2,True,,,,
SYN-FAM-095,SYN-0283; SYN-0284; SYN-0285,Approved,Protected / Environmental Lease Misuse,3,True,,,,
SYN-FAM-095,SYN-0283; SYN-0284; SYN-0285,Approved,Protected / Environmental Lease Misuse,4,True,,,,
SYN-FAM-095,SYN-0283; SYN-0284; SYN-0285,Approved,Protected / Environmental Lease Misuse,5,True,,,,
SYN-FAM-096,SYN-0286; SYN-0287; SYN-0288,Approved,Protected / Environmental Lease Misuse,1,True,,,,
SYN-FAM-096,SYN-0286; SYN-0287; SYN-0288,Approved,Protected / Environmental Lease Misuse,2,True,,,,
SYN-FAM-096,SYN-0286; SYN-0287; SYN-0288,Approved,Protected / Environmental Lease Misuse,3,True,,,,
SYN-FAM-096,SYN-0286; SYN-0287; SYN-0288,Approved,Protected / Environmental Lease Misuse,4,True,,,,
SYN-FAM-096,SYN-0286; SYN-0287; SYN-0288,Approved,Protected / Environmental Lease Misuse,5,True,,,,
SYN-FAM-097,SYN-0289; SYN-0290; SYN-0291,unreviewed,,all,False,unreviewed,,,
SYN-FAM-098,SYN-0292; SYN-0293; SYN-0294,Approved,Protected / Environmental Lease Misuse,1,True,,,,
SYN-FAM-098,SYN-0292; SYN-0293; SYN-0294,Approved,Protected / Environmental Lease Misuse,2,True,,,,
SYN-FAM-098,SYN-0292; SYN-0293; SYN-0294,Approved,Protected / Environmental Lease Misuse,3,True,,,,
SYN-FAM-098,SYN-0292; SYN-0293; SYN-0294,Approved,Protected / Environmental Lease Misuse,4,True,,,,
SYN-FAM-098,SYN-0292; SYN-0293; SYN-0294,Approved,Protected / Environmental Lease Misuse,5,True,,,,
SYN-FAM-099,SYN-0295; SYN-0296; SYN-0297,Approved,Protected / Environmental Lease Misuse,1,True,,,,
SYN-FAM-099,SYN-0295; SYN-0296; SYN-0297,Approved,Protected / Environmental Lease Misuse,2,True,,,,
SYN-FAM-099,SYN-0295; SYN-0296; SYN-0297,Approved,Protected / Environmental Lease Misuse,3,True,,,,
SYN-FAM-099,SYN-0295; SYN-0296; SYN-0297,Approved,Protected / Environmental Lease Misuse,4,True,,,,
SYN-FAM-099,SYN-0295; SYN-0296; SYN-0297,Approved,Protected / Environmental Lease Misuse,5,True,,,,
SYN-FAM-100,SYN-0298; SYN-0299; SYN-0300,Approved,Protected / Environmental Lease Misuse,1,True,,,,
SYN-FAM-100,SYN-0298; SYN-0299; SYN-0300,Approved,Protected / Environmental Lease Misuse,2,True,,,,
SYN-FAM-100,SYN-0298; SYN-0299; SYN-0300,Approved,Protected / Environmental Lease Misuse,3,True,,,,
SYN-FAM-100,SYN-0298; SYN-0299; SYN-0300,Approved,Protected / Environmental Lease Misuse,4,True,,,,
SYN-FAM-100,SYN-0298; SYN-0299; SYN-0300,Approved,Protected / Environmental Lease Misuse,5,True,,,,
