case_id,feature,supplied_value,recomputed_in_event_sequence,absolute_difference,case_quarantined
SL-CASE-0421,elapsed_days,63.65,59.42760393952547,4.22239606047453,True
SL-CASE-0421,mean_gap_hours,109.11,101.87589246775794,7.234107532242064,True
SL-CASE-0422,elapsed_days,81.39,51.95166521184028,29.43833478815972,True
SL-CASE-0422,mean_gap_hours,130.22,83.12266433894445,47.09733566105555,True
SL-CASE-0423,elapsed_days,80.14,58.02860718809027,22.11139281190973,True
SL-CASE-0423,mean_gap_hours,128.23,92.84577150094445,35.38422849905554,True
SL-CASE-0426,max_gap_hours,217.38,294.62914368472224,77.24914368472224,True
SL-CASE-0427,max_gap_hours,467.95,708.5255830836111,240.5755830836111,True
SL-CASE-0428,max_gap_hours,220.64,228.15292670305556,7.5129267030555695,True
SL-CASE-0429,max_gap_hours,482.11,507.8665361158333,25.756536115833285,True
SL-CASE-0432,elapsed_days,46.87,39.12934436453703,7.740655635462964,True
SL-CASE-0432,mean_gap_hours,75.0,62.60695098325926,12.39304901674074,True
SL-CASE-0433,elapsed_days,66.17,51.85120508384259,14.318794916157408,True
SL-CASE-0433,mean_gap_hours,93.42,73.2017012948366,20.218298705163406,True
SL-CASE-0434,max_gap_hours,306.95,394.2128497638889,87.26284976388894,True
SL-CASE-0439,max_gap_hours,319.31,443.75185188361115,124.44185188361115,True
SL-CASE-0442,max_gap_hours,180.02,351.1641789911111,171.1441789911111,True
SL-CASE-0445,max_gap_hours,317.71,329.3002572816667,11.590257281666709,True
SL-CASE-0446,elapsed_days,86.27,78.62306734405092,7.6469326559490725,True
SL-CASE-0446,mean_gap_hours,94.12,85.77061892078282,8.349381079217181,True
SL-CASE-0448,elapsed_days,85.92,75.76014191208333,10.159858087916675,True
SL-CASE-0448,mean_gap_hours,114.56,101.01352254944445,13.546477450555557,True
SL-CASE-0452,max_gap_hours,296.05,455.83394810944446,159.78394810944445,True
SL-CASE-0453,elapsed_days,72.0,57.5789653528588,14.421034647141198,True
SL-CASE-0453,mean_gap_hours,123.43,98.70679774775793,24.723202252242075,True
SL-CASE-0456,elapsed_days,60.17,57.2398115049537,2.930188495046302,True
SL-CASE-0456,mean_gap_hours,90.26,85.85971725743055,4.400282742569459,True
SL-CASE-0459,elapsed_days,72.78,55.7624500640162,17.0175499359838,True
SL-CASE-0459,mean_gap_hours,109.17,83.6436750960243,25.526324903975706,True
