case_id,label,perturbation_type,legal_route,land_purpose,province,applicant_type,land_extent_perches,inter_provincial,required_higher_approval,registration_requirement,record_origin,label_scope,timestamp_basis,source_parent_case_id,source_family_id,lineage_status,exact_trace_group,preparation_status,exclusion_reasons
SL-CASE-0421,controlled-perturbation,repeated_correction_loop,Residential,Residential,Sabaragamuwa,Company,162.1,False,False,False,user_supplied_synthetic,generator_scenario_label_only,naive_unspecified_timezone,,,not_supplied,0653d5fa828838fd71ec7573383b586057e88bb1156e315dc72b49bee6b066a1,QUARANTINED,EVENT_AFTER_FINAL_NOTIFICATION;NON_MONOTONIC_EVENT_TIME
SL-CASE-0422,controlled-perturbation,repeated_correction_loop,Agricultural,Agricultural,Uva,Cooperative,67.6,False,False,False,user_supplied_synthetic,generator_scenario_label_only,naive_unspecified_timezone,,,not_supplied,b99501ee25f43ac199f6c71c5b0bc8958941573eff6593df5ce5a2f82ecea6d7,QUARANTINED,EVENT_AFTER_FINAL_NOTIFICATION;NON_MONOTONIC_EVENT_TIME
SL-CASE-0423,controlled-perturbation,repeated_correction_loop,Residential,Residential,North Western,Company,38.6,False,False,False,user_supplied_synthetic,generator_scenario_label_only,naive_unspecified_timezone,,,not_supplied,88978a1b5b0706ec7b6100eca7b1c8809f57c0f0cf2407f5ba7ec7ede3c935d7,QUARANTINED,EVENT_AFTER_FINAL_NOTIFICATION;NON_MONOTONIC_EVENT_TIME
SL-CASE-0424,controlled-perturbation,repeated_correction_loop,Agricultural,Agricultural,Northern,Individual,116.4,False,False,False,user_supplied_synthetic,generator_scenario_label_only,naive_unspecified_timezone,,,not_supplied,c6fa28629b2e2c184c881d713c0fc27db4b841c0c40ed3c74c850bf71ea9612b,QUARANTINED,NON_MONOTONIC_EVENT_TIME
SL-CASE-0425,controlled-perturbation,repeated_correction_loop,Commercial,Commercial,North Western,Cooperative,147.2,False,True,True,user_supplied_synthetic,generator_scenario_label_only,naive_unspecified_timezone,,,not_supplied,b037845d134a90bcab288a854edcd98d6b349ab2ffff25362d236e8afcfe74cd,QUARANTINED,NON_MONOTONIC_EVENT_TIME
SL-CASE-0426,controlled-perturbation,repeated_correction_loop,Commercial,Commercial,North Western,Individual,23.0,False,True,False,user_supplied_synthetic,generator_scenario_label_only,naive_unspecified_timezone,,,not_supplied,9f95c61213715c7716d1291aeae31e13cfc04a42eabd9110d6fbac7b10bb14c4,QUARANTINED,NON_MONOTONIC_EVENT_TIME
SL-CASE-0427,controlled-perturbation,repeated_correction_loop,Institutional,Institutional,Northern,Company,185.5,False,True,True,user_supplied_synthetic,generator_scenario_label_only,naive_unspecified_timezone,,,not_supplied,22a9398e46d4fe6821e6a913b604363707878437872f459bcea312750dd59441,QUARANTINED,NON_MONOTONIC_EVENT_TIME
SL-CASE-0428,controlled-perturbation,repeated_correction_loop,Residential,Residential,Northern,Cooperative,28.1,False,False,True,user_supplied_synthetic,generator_scenario_label_only,naive_unspecified_timezone,,,not_supplied,7626d61db5f2d9b4a2c7ca265133d43dbf7f8a076a6bbe4b6534dfecc8dc0915,QUARANTINED,NON_MONOTONIC_EVENT_TIME
SL-CASE-0429,controlled-perturbation,repeated_correction_loop,Commercial,Commercial,Western,Company,141.7,False,True,True,user_supplied_synthetic,generator_scenario_label_only,naive_unspecified_timezone,,,not_supplied,25470465b1ac957bf464f8f9df6482839632fcb5c0a88cddb6b6d8a4901d01bb,QUARANTINED,NON_MONOTONIC_EVENT_TIME
SL-CASE-0430,controlled-perturbation,repeated_correction_loop,Residential,Residential,Uva,Company,87.6,True,True,True,user_supplied_synthetic,generator_scenario_label_only,naive_unspecified_timezone,,,not_supplied,bbb4ef13893d742c76ca9e79e1533062d3ccbbfdfcef6e3eda251ba9fa9571b0,QUARANTINED,NON_MONOTONIC_EVENT_TIME
SL-CASE-0431,controlled-perturbation,repeated_correction_loop,Institutional,Institutional,Eastern,Cooperative,10.8,False,True,True,user_supplied_synthetic,generator_scenario_label_only,naive_unspecified_timezone,,,not_supplied,2818209b2994534a40be826205f7babd398ae64187203c1e343e77e503cd83e9,QUARANTINED,NON_MONOTONIC_EVENT_TIME
SL-CASE-0432,controlled-perturbation,repeated_correction_loop,Residential,Residential,Eastern,Individual,162.5,False,False,False,user_supplied_synthetic,generator_scenario_label_only,naive_unspecified_timezone,,,not_supplied,15d604c7861276d7bd6af55b478e36f154b95e8b8334274cee7d0c9277b8eb6b,QUARANTINED,EVENT_AFTER_FINAL_NOTIFICATION;NON_MONOTONIC_EVENT_TIME
SL-CASE-0433,controlled-perturbation,repeated_correction_loop,Agricultural,Agricultural,Central,Cooperative,162.4,True,False,True,user_supplied_synthetic,generator_scenario_label_only,naive_unspecified_timezone,,,not_supplied,a64d8923ce5fac6d526f3e4210df89cac056a305ebaa50530f04ceccdb00bb83,QUARANTINED,EVENT_AFTER_FINAL_NOTIFICATION;NON_MONOTONIC_EVENT_TIME
SL-CASE-0434,controlled-perturbation,repeated_correction_loop,Agricultural,Agricultural,Eastern,Company,36.3,False,False,False,user_supplied_synthetic,generator_scenario_label_only,naive_unspecified_timezone,,,not_supplied,e3a50354049d53e7e03a8229b52a7abd91ad86b07e9ae2b3539ec243ee160687,QUARANTINED,NON_MONOTONIC_EVENT_TIME
SL-CASE-0436,controlled-perturbation,repeated_correction_loop,Institutional,Institutional,Eastern,Cooperative,79.8,False,True,True,user_supplied_synthetic,generator_scenario_label_only,naive_unspecified_timezone,,,not_supplied,11331f827d988b02502848c6ea279659e27ca8d2180f0b1a5c8e96d23df26b53,QUARANTINED,NON_MONOTONIC_EVENT_TIME
SL-CASE-0437,controlled-perturbation,repeated_correction_loop,Agricultural,Agricultural,Southern,Company,144.4,False,False,False,user_supplied_synthetic,generator_scenario_label_only,naive_unspecified_timezone,,,not_supplied,db64c0eaa5d4152206be6b10855459e4f427637ac313466dd6cf629db89ce66c,QUARANTINED,NON_MONOTONIC_EVENT_TIME
SL-CASE-0438,controlled-perturbation,repeated_correction_loop,Institutional,Institutional,Central,Company,141.5,False,True,True,user_supplied_synthetic,generator_scenario_label_only,naive_unspecified_timezone,,,not_supplied,9b35e481e5a72ace582c1104dae00ac115fd4dbd19c299de09cdf9ccf085e528,QUARANTINED,NON_MONOTONIC_EVENT_TIME
SL-CASE-0439,controlled-perturbation,repeated_correction_loop,Residential,Residential,North Western,Individual,18.7,True,False,True,user_supplied_synthetic,generator_scenario_label_only,naive_unspecified_timezone,,,not_supplied,afd58633d4115f1b7bcadc34eb38de132c76c7123be79a320701c3c06de8161b,QUARANTINED,NON_MONOTONIC_EVENT_TIME
SL-CASE-0440,controlled-perturbation,repeated_correction_loop,Residential,Residential,Eastern,Government Body,87.6,False,False,True,user_supplied_synthetic,generator_scenario_label_only,naive_unspecified_timezone,,,not_supplied,55e4dbc184d9c01657d3b4d409c49b3cc0247c214d53c29ad262529387452a13,QUARANTINED,NON_MONOTONIC_EVENT_TIME
SL-CASE-0441,controlled-perturbation,excessive_handoffs,Commercial,Commercial,Central,Company,34.7,False,False,True,user_supplied_synthetic,generator_scenario_label_only,naive_unspecified_timezone,,,not_supplied,fc242184b9b80c36313f35bd1cc2fc785341ba581701ec99ee5792e7f0460989,QUARANTINED,NON_MONOTONIC_EVENT_TIME
SL-CASE-0442,controlled-perturbation,excessive_handoffs,Residential,Residential,Eastern,Cooperative,31.3,False,False,False,user_supplied_synthetic,generator_scenario_label_only,naive_unspecified_timezone,,,not_supplied,852ed5f17f629d338abadce5fade174acb63d587dca338b04235422b736bcc2b,QUARANTINED,NON_MONOTONIC_EVENT_TIME
SL-CASE-0443,controlled-perturbation,excessive_handoffs,Agricultural,Agricultural,Eastern,Government Body,160.4,False,False,True,user_supplied_synthetic,generator_scenario_label_only,naive_unspecified_timezone,,,not_supplied,4db504098a00a66b1cc71e3297ff9f490ecfab7d41e3cc9edc156e258ff51a66,QUARANTINED,NON_MONOTONIC_EVENT_TIME
SL-CASE-0445,controlled-perturbation,excessive_handoffs,Agricultural,Agricultural,Eastern,Government Body,88.4,False,False,False,user_supplied_synthetic,generator_scenario_label_only,naive_unspecified_timezone,,,not_supplied,18fcc1ab03e5be2835288814363f6f9d05d73e59e410671b105c1f7e93c3d2e5,QUARANTINED,NON_MONOTONIC_EVENT_TIME
SL-CASE-0446,controlled-perturbation,excessive_handoffs,Institutional,Institutional,Central,Government Body,168.8,False,True,True,user_supplied_synthetic,generator_scenario_label_only,naive_unspecified_timezone,,,not_supplied,65d5b6eadf10e727adcc2568427ffe74aa446571baff49cb5a5e60185b257bc1,QUARANTINED,EVENT_AFTER_FINAL_NOTIFICATION;NON_MONOTONIC_EVENT_TIME
SL-CASE-0447,controlled-perturbation,excessive_handoffs,Institutional,Institutional,North Central,Individual,7.2,False,True,True,user_supplied_synthetic,generator_scenario_label_only,naive_unspecified_timezone,,,not_supplied,fb7e0b3f21ebeed272221ca417de5f806942420a0785aec8540ffdbe5c1485ef,QUARANTINED,NON_MONOTONIC_EVENT_TIME
SL-CASE-0448,controlled-perturbation,excessive_handoffs,Residential,Residential,Western,Cooperative,183.6,False,True,True,user_supplied_synthetic,generator_scenario_label_only,naive_unspecified_timezone,,,not_supplied,7afdbc21142e1322ba37e41d0cb38eeb16701ac20438419c75d871839262005e,QUARANTINED,EVENT_AFTER_FINAL_NOTIFICATION;NON_MONOTONIC_EVENT_TIME
SL-CASE-0449,controlled-perturbation,excessive_handoffs,Commercial,Commercial,North Western,Cooperative,169.6,False,False,True,user_supplied_synthetic,generator_scenario_label_only,naive_unspecified_timezone,,,not_supplied,5ed9678ba86987cb31af226bf3c00ee7ff85c2fdbb92c6b364d8c5eb1d28e070,QUARANTINED,NON_MONOTONIC_EVENT_TIME
SL-CASE-0450,controlled-perturbation,excessive_handoffs,Residential,Residential,Central,Company,59.7,False,False,False,user_supplied_synthetic,generator_scenario_label_only,naive_unspecified_timezone,,,not_supplied,69b378f18fe182649faf085b1fe903b9935404af819a253fa0059b7087df40fc,QUARANTINED,NON_MONOTONIC_EVENT_TIME
SL-CASE-0452,controlled-perturbation,excessive_handoffs,Residential,Residential,Central,Individual,117.0,False,False,False,user_supplied_synthetic,generator_scenario_label_only,naive_unspecified_timezone,,,not_supplied,b5f46f1777fbd59fd7b674059259d4d225b84884a974d3860e488e2d389a7c75,QUARANTINED,NON_MONOTONIC_EVENT_TIME
SL-CASE-0453,controlled-perturbation,excessive_handoffs,Agricultural,Agricultural,Northern,Company,160.5,False,False,False,user_supplied_synthetic,generator_scenario_label_only,naive_unspecified_timezone,,,not_supplied,419f83afe6de63016809a09543bd28c89b457d0f371e5e96c56133dca1745306,QUARANTINED,EVENT_AFTER_FINAL_NOTIFICATION;NON_MONOTONIC_EVENT_TIME
SL-CASE-0454,controlled-perturbation,excessive_handoffs,Agricultural,Agricultural,Northern,Government Body,90.4,False,False,True,user_supplied_synthetic,generator_scenario_label_only,naive_unspecified_timezone,,,not_supplied,8b843b2ef2743f91e2c413d5a8f39b7bc7ce3ff474cde6f17587a49b4140bf1f,QUARANTINED,NON_MONOTONIC_EVENT_TIME
SL-CASE-0455,controlled-perturbation,excessive_handoffs,Institutional,Institutional,North Western,Cooperative,125.9,False,True,True,user_supplied_synthetic,generator_scenario_label_only,naive_unspecified_timezone,,,not_supplied,fbf265ad777e23933823f2e5200c2a679bcd8420e5a30fdd0fc3d20262b32e79,QUARANTINED,NON_MONOTONIC_EVENT_TIME
SL-CASE-0456,controlled-perturbation,excessive_handoffs,Residential,Residential,Southern,Company,90.4,False,False,True,user_supplied_synthetic,generator_scenario_label_only,naive_unspecified_timezone,,,not_supplied,61838250dfc19f9ff3615a740901c1aee0de978a601bf013566ddf32dde4eb24,QUARANTINED,EVENT_AFTER_FINAL_NOTIFICATION;NON_MONOTONIC_EVENT_TIME
SL-CASE-0457,controlled-perturbation,excessive_handoffs,Agricultural,Agricultural,Western,Company,135.0,False,True,False,user_supplied_synthetic,generator_scenario_label_only,naive_unspecified_timezone,,,not_supplied,b4436eaada47acad10dde67f46d732f612c82823ef46e7e323be1570357e798e,QUARANTINED,NON_MONOTONIC_EVENT_TIME
SL-CASE-0459,controlled-perturbation,excessive_handoffs,Agricultural,Agricultural,North Western,Individual,47.5,False,False,True,user_supplied_synthetic,generator_scenario_label_only,naive_unspecified_timezone,,,not_supplied,358e97153906a0e3ecbbbb93883e423d7b89d3f97e8c3e66014f9423de9ad2fa,QUARANTINED,EVENT_AFTER_FINAL_NOTIFICATION;NON_MONOTONIC_EVENT_TIME
SL-CASE-0460,controlled-perturbation,excessive_handoffs,Commercial,Commercial,Western,Company,177.8,False,True,True,user_supplied_synthetic,generator_scenario_label_only,naive_unspecified_timezone,,,not_supplied,a3a0d951c90c1ac38b5d24f38586fe849cfa3c57684707ac7f7f993db20ab07e,QUARANTINED,NON_MONOTONIC_EVENT_TIME
SL-CASE-0481,controlled-perturbation,duplicated_sequence,Commercial,Commercial,Central,Cooperative,39.3,False,False,True,user_supplied_synthetic,generator_scenario_label_only,naive_unspecified_timezone,,,not_supplied,ec0dc39326c0743896e464dd66862f45e1c7af5865913057282dcd021be49c44,QUARANTINED,EVENT_AFTER_FINAL_NOTIFICATION;FINAL_NOTIFICATION_NOT_LAST
SL-CASE-0482,controlled-perturbation,duplicated_sequence,Agricultural,Agricultural,Northern,Cooperative,101.9,False,False,True,user_supplied_synthetic,generator_scenario_label_only,naive_unspecified_timezone,,,not_supplied,7f0559176683f61dde4ef45e0ba2a6bb7c338e62697c6bb80011a5f38e2f67de,QUARANTINED,EVENT_AFTER_FINAL_NOTIFICATION;FINAL_NOTIFICATION_NOT_LAST
SL-CASE-0483,controlled-perturbation,duplicated_sequence,Institutional,Institutional,Northern,Individual,34.6,False,False,True,user_supplied_synthetic,generator_scenario_label_only,naive_unspecified_timezone,,,not_supplied,d164dfcd0fd25e78bdabc73b0d0b2a8c5d549321aa840f82e73ae2f8afc1570e,QUARANTINED,EVENT_AFTER_FINAL_NOTIFICATION;FINAL_NOTIFICATION_NOT_LAST
SL-CASE-0486,controlled-perturbation,duplicated_sequence,Commercial,Commercial,Western,Individual,6.0,False,False,True,user_supplied_synthetic,generator_scenario_label_only,naive_unspecified_timezone,,,not_supplied,4f56898bf33404122b9f1b755c8a07ca759fc06fa1a5833c2e280b40b0b4590a,QUARANTINED,EVENT_AFTER_FINAL_NOTIFICATION;FINAL_NOTIFICATION_NOT_LAST
SL-CASE-0488,controlled-perturbation,duplicated_sequence,Residential,Residential,North Central,Government Body,166.0,False,False,False,user_supplied_synthetic,generator_scenario_label_only,naive_unspecified_timezone,,,not_supplied,a0c976b46c5baec8b3a30887267064c0f9e860a21275d3af00d1ef25befa32cd,QUARANTINED,EVENT_AFTER_FINAL_NOTIFICATION;FINAL_NOTIFICATION_NOT_LAST
SL-CASE-0492,controlled-perturbation,duplicated_sequence,Agricultural,Agricultural,Northern,Cooperative,195.9,False,False,True,user_supplied_synthetic,generator_scenario_label_only,naive_unspecified_timezone,,,not_supplied,861174b52cd9663566a487a306affe71e3595a25a3317113098709dce62bbaf7,QUARANTINED,EVENT_AFTER_FINAL_NOTIFICATION;FINAL_NOTIFICATION_NOT_LAST
SL-CASE-0494,controlled-perturbation,duplicated_sequence,Residential,Residential,Southern,Individual,5.6,False,False,True,user_supplied_synthetic,generator_scenario_label_only,naive_unspecified_timezone,,,not_supplied,9b7aa38672eb59fb92ba70d3ccef5ad3116c8100d4bc40341b0d7a7be93c70d2,QUARANTINED,EVENT_AFTER_FINAL_NOTIFICATION;FINAL_NOTIFICATION_NOT_LAST
SL-CASE-0497,controlled-perturbation,duplicated_sequence,Commercial,Commercial,Eastern,Government Body,174.5,False,False,True,user_supplied_synthetic,generator_scenario_label_only,naive_unspecified_timezone,,,not_supplied,f7be8b66164467aa3f6da61cd1412c08308af0f53699c8c3bb046bcf64011a5f,QUARANTINED,EVENT_AFTER_FINAL_NOTIFICATION;FINAL_NOTIFICATION_NOT_LAST
