case_id,exact_trace_group,label,perturbation_type,split,model_fit_eligible
SL-CASE-0001,35d4af0e24b4512ea29937431f5003131d4c63be18cc2d5e95a78c083496231c,reference-normal,none,test,False
SL-CASE-0002,202558c665cfd9bc0a7995d0b908c1119c60ed59058ddcdbbc831d4196a12296,reference-normal,none,train,True
SL-CASE-0003,8ceb0f851180fb21161a50258ca15d2ba51f5e500ea87553265870b2416d53aa,reference-normal,none,train,True
SL-CASE-0004,f1ac5b680b2d0358749bcd7247a76c0eb72ee65ff1b68c482d7bd57f830e5966,reference-normal,none,validation,False
SL-CASE-0005,1aa402b6e1b254613918392e66c150f42b0cd8f561d5fa148bbb51b6a82d2dc2,reference-normal,none,train,True
SL-CASE-0006,ec00feda6cb51c01cd51cc0acf896c20222d4af988cdd52ee717eb41d7bda115,reference-normal,none,train,True
SL-CASE-0007,8bb0c43036b8a136074b38d6236934df63cd1bdbdd278e7f402c351ebef1090b,reference-normal,none,train,True
SL-CASE-0008,a96650d6ea3b6bff5cdf8e40a79b1f4426c4f5566cbb123ddb457e018ae8e299,reference-normal,none,validation,False
SL-CASE-0009,873f47da427526c6f6bb64c4c35a0cc11fd72247d9c55e4d6c4fe80da2091386,reference-normal,none,train,True
SL-CASE-0010,e9259030df18c05c5dc336b737dc1e9194cc4089c25b59fda37737a03b9537a3,reference-normal,none,validation,False
SL-CASE-0011,55be3ab95f3ccfb48976d7fd4e25630b6bc24f354eefc0b5685f6d3fce4b65c5,reference-normal,none,train,True
SL-CASE-0012,9d0c201f0e99c3430c87a332e1bd679380b18511b5f526a3a84a8d383d425172,reference-normal,none,train,True
SL-CASE-0013,44423d09106e007b099cceba168659b1b9a7f59a9ea049bba9cb9edc0e9a73d7,reference-normal,none,train,True
SL-CASE-0014,f30c37a62b1f40f9d5f19e55051a1975e2c8f7cf9fdfad2281955b65c9798c45,reference-normal,none,train,True
SL-CASE-0015,b46b327007a440dd75cf266071dda40e2916a7dbdaec20343c8905772c7506e5,reference-normal,none,train,True
SL-CASE-0016,42273241c1b713967dda4079f91c5c5c3a2afecb916702fb3bf3771ce491344f,reference-normal,none,test,False
SL-CASE-0017,1a38ac59127b247ceeb1644299ba9031e781b1a88fc5ea387c015b997cc6be30,reference-normal,none,test,False
SL-CASE-0018,f6cea97d169583176fc8fbb35143dcef58e2a3e7435c380bef36c3a4bda480ca,reference-normal,none,validation,False
SL-CASE-0019,e07484e05de3b0f7f094af46943545eb93bcb4e61356fe68e2f12dc7e44b30b3,reference-normal,none,validation,False
SL-CASE-0020,edd21cca89b77eb8a7e37e3faaed4c5cbee748a4f5de33fae6dff4fba494cd14,reference-normal,none,train,True
SL-CASE-0021,63531987b813d73e41631ad15fc0f92282bbc6a92abd4c8f3d53eed6678c7364,reference-normal,none,train,True
SL-CASE-0022,69af5039b72557600aaa93be3875898155da1fb77916adbb174423f3944c2318,reference-normal,none,train,True
SL-CASE-0023,2e71ec9ba21c89a89699b2bf39f7cf0c57432c746923184b067aa63bd0dec069,reference-normal,none,train,True
SL-CASE-0024,8aa5ecca4771cb60d07777b72974a43f274be7ebbd54f41407cd11808af2d711,reference-normal,none,test,False
SL-CASE-0025,e73534ab0ddbb2669b8f762a792fd1a7fbeb55a8cc7d991e96c1a9677c51d5ce,reference-normal,none,train,True
SL-CASE-0026,3fe0d752f21089eea7f51b520ad7720d53c927e1e2063d4119dacbd31bac53e4,reference-normal,none,train,True
SL-CASE-0027,b32db4db407272c92b6aaa373b044e304847495e40e332ae0c28a216a9e6d840,reference-normal,none,test,False
SL-CASE-0028,72d0419fe4a1e05b80f92f6961ef85b680cd6e5c8e26ba92cb756ee8e3248b60,reference-normal,none,validation,False
SL-CASE-0029,4162f32a6349a77ee58bf2a3b08814ba82d35486b6e3fe608b333d184891353f,reference-normal,none,validation,False
SL-CASE-0030,51dd9e29cfd020af3ead0dc7785514fe0860aaadc956e519448555289c23b382,reference-normal,none,train,True
SL-CASE-0031,fa28e0e2deca6955c1c785cf23f93dcd38b8147bf3d8b0c5819e67b5ad5ae23c,reference-normal,none,train,True
SL-CASE-0032,3a1624594f5ec9f229162cd04f478e2bcc48d0b1ce8a6b7075a3d091ff5b2400,reference-normal,none,validation,False
SL-CASE-0033,230d2b1ba17b6e81a1c4c4091059eca17e21be8660f8ab399dde9cd72c9791cd,reference-normal,none,train,True
SL-CASE-0034,39d108a1a1e94258d15407c4047551f5cef185c3806954dba16041d85d777847,reference-normal,none,train,True
SL-CASE-0035,52cc74fa203a7f392dd85ed5a624a2b6eb442d5a79c902fee5cd5639b2318ab5,reference-normal,none,train,True
SL-CASE-0036,e6946e3f37125ad0a3419854966178b9fb901fb2305861bb1e7c6db22f5de884,reference-normal,none,train,True
SL-CASE-0037,6245ccc57f7838e2549b3872abe23e2ce94511dd8e21fe061aa1de04e5fda1af,reference-normal,none,train,True
SL-CASE-0038,7e9dab619febb11c7dbc61185144429f79cf2339ee7943d364b16ea2b046d929,reference-normal,none,validation,False
SL-CASE-0039,6b21ec7f673c49fbc4b2143f608749cc31fac0d5f6264276ccaed423f22db4cb,reference-normal,none,train,True
SL-CASE-0040,48dcfb0e85ffe63e5e53e64d315ad5e443cfd411500c908a03fa797eafc8ef99,reference-normal,none,validation,False
SL-CASE-0041,fd862f910bde46698e6508fdee60d7ea5a4465a82953ca78eaf6612a44f7a649,reference-normal,none,validation,False
SL-CASE-0042,c63e94e7ac1df8d0733c1c9ecf8dbf5a1f836fb4dceba04b2773066ead3f2855,reference-normal,none,validation,False
SL-CASE-0043,b9e2ebc86838710d8ef737e82fa0742627404770a95ea806a92a6024b9840697,reference-normal,none,train,True
SL-CASE-0044,a77ba20f19133734adade15f79f8ff3acd06edd26b330cfe7861a8e5e82cebba,reference-normal,none,train,True
SL-CASE-0045,25d64fa8fdf5348623945c1a032df25aa95ddb6171d62e0d770636a45f1074c3,reference-normal,none,train,True
SL-CASE-0046,1d7d4b8135d1fb571fdf016755b232f9ff0ee84119d5e9cb5012d7b8d6d099a3,reference-normal,none,test,False
SL-CASE-0047,36af8b725e6b6188a9e4e7f0ee8e5f45a64600d3ad133e7a577204748d546b18,reference-normal,none,train,True
SL-CASE-0048,dd4a53b11b28ea86b9bbb3d2505bec02521e263ea8363640232f92c70eaf28cc,reference-normal,none,train,True
SL-CASE-0049,2cb44de91a1177aec0fbb54619740d3294b354575d87a031b0b6ab4f396bd255,reference-normal,none,validation,False
SL-CASE-0050,aea0893bf9499cb2016a4d0bfce9712be6a0269f2b7326c2cae3be1d47886cab,reference-normal,none,test,False
SL-CASE-0051,4742076c50915a3b7d8723b87360c9c882b442c46ae6f4e13afbbaf56f43efc6,reference-normal,none,test,False
SL-CASE-0052,6650ad7f9d55f0b2c67d02b03ebbd8062baf8b9f67fb13f2f4d63bada48565b4,reference-normal,none,test,False
SL-CASE-0053,f391d376a5e996a2fa4edff0fa6ad879172496a9a1fde1f87ca6501511882eff,reference-normal,none,test,False
SL-CASE-0054,ed67c55cb2951d4de7693b3b216e141287c01b49b0edd5beaa3f2a02bef1a9f5,reference-normal,none,train,True
SL-CASE-0055,8d02ad4f07004b72892cafb57f828e6280296bd683efdd129aa63a51516bb719,reference-normal,none,train,True
SL-CASE-0056,ff47cfa7cf44ab55920473a950dd59b16d3dbc1f92037a2a7567fc65daad5499,reference-normal,none,train,True
SL-CASE-0057,a4942d98761326fbcc88d6b009e500e0b6af35dd5af70f0ce496c46e2500b459,reference-normal,none,train,True
SL-CASE-0058,528904704f62639a315b01b481034f5cc8d18c3eb7fc752b8f692f3fd942d9f6,reference-normal,none,test,False
SL-CASE-0059,6c87e77c6b647ad1be24ed3c6dcfab50d906ab89256a52b11f4a2056157aec34,reference-normal,none,train,True
SL-CASE-0060,2cf230f3dc8c1f7cfd6c64b6d1daf1e84ea66444b4086d265186c307e739b5fe,reference-normal,none,test,False
SL-CASE-0061,90f8e71c9e93960f3aa45c5a1f7c60af26988b529fec0819a49ba2c696e08028,reference-normal,none,test,False
SL-CASE-0062,0ba47fd178e1bd724fc4d1cd24fe306e5d287526122f71894004d36958fd693f,reference-normal,none,train,True
SL-CASE-0063,6f908a0071cc39fdf3e42a7dd90bf542a7ba2e6c97597cd6503e0e1ea01098e2,reference-normal,none,train,True
SL-CASE-0064,19984f3252902c12a0a34e8b9bd4e983e43d1d49e5f9e39a0f5933d2eb39069c,reference-normal,none,test,False
SL-CASE-0065,1e0ab613847e00c249b8071963587deb10337a10d0277d614b1a0ef75e025862,reference-normal,none,train,True
SL-CASE-0066,97d02100a7ce46ad6af4ea425d20e5351fcc840b5b71d48ebf1fd152f72f9c89,reference-normal,none,test,False
SL-CASE-0067,1f39f181552a9292e06d289d67dc281f8ed8d5e58efdbc4dd5c39614d198f6ca,reference-normal,none,test,False
SL-CASE-0068,988219450f557a503b478100f4f2529e63568f00d98f9c5a8149c5e091ac81db,reference-normal,none,test,False
SL-CASE-0069,6873bd8fa7cbfa461a9a85e78e74a99fdf4582430749c654c493e7ffabd282c3,reference-normal,none,validation,False
SL-CASE-0070,8e6518c7d2659c0ebe85160196d72f2e53151ac7eb8813966f48523dd8ce0b0d,reference-normal,none,validation,False
SL-CASE-0071,13ef3b2b03ad0cef038506d469069cb7a46908835e7b318ce6e1f254f87be4c9,reference-normal,none,validation,False
SL-CASE-0072,5fc807bd6683361d830cf7f7f6c41d9f1efaddd70be3feb9e9b77847648d63c6,reference-normal,none,train,True
SL-CASE-0073,95cc4db23b82eecdd9d2bb108ca6de05a96153241fefd9c79c3869c74da15ef0,reference-normal,none,train,True
SL-CASE-0074,da5b27ff84c3e63faa69aeba8a039219b84e1e4ebc24dfa717beec78d8c29f94,reference-normal,none,train,True
SL-CASE-0075,58cc65b2a23e673010986cafed8b73c1e24ec42052cbc64c5ea812aee277d909,reference-normal,none,train,True
SL-CASE-0076,dffc10b2d753d23a07147a5745b52a66fa36efe135b5d7ff3d56c8ddb8e7bf11,reference-normal,none,train,True
SL-CASE-0077,ef76d054cb05929424085d939f59a798cf1d13b673e7b247f0b48645d9066d99,reference-normal,none,test,False
SL-CASE-0078,904f0c9e9aef09383bcceaacbc1c632c156bad059fd6926474eaa675a10e47f6,reference-normal,none,test,False
SL-CASE-0079,6e4155e126f6cb722c9f307b13d7e3f87387552b28db7e68f384635745efe014,reference-normal,none,test,False
SL-CASE-0080,c5fdd170bfdeb7c92dc7bbd58e36887b3a61f8091b4897b85e5be020c1fc2116,reference-normal,none,validation,False
SL-CASE-0081,aadfdf25e95c587b48f55edc1f00a53f746300f33e5be7cf147be8a7cc9b74ad,reference-normal,none,test,False
SL-CASE-0082,df7e59348e94f846bc19f60d52341aef1a422df222168e5b595c42c01f79f540,reference-normal,none,test,False
SL-CASE-0083,197448e7a0bf6a82a0cfff91485aafafe42ec646fca2b0e01fbffa628894dd53,reference-normal,none,train,True
SL-CASE-0084,2388d513eaf79aebe47cea03aed53f03cf6cac13dcfe3af6e79efe482acdc9f8,reference-normal,none,validation,False
SL-CASE-0085,c9c102d1456b2824028b3512983f0cac26044504e4a5d0115a7b500e62385aba,reference-normal,none,train,True
SL-CASE-0086,b0c863b57fa197625cc32cc9c7c583641f93bbf3b8152d524e53f4e68eb5dabf,reference-normal,none,train,True
SL-CASE-0087,edbd56e47084671bcbf94dda8169de48cf4ef32ecc76541cd3fc73aed10b2c81,reference-normal,none,test,False
SL-CASE-0088,96581c9b3868c626f7d080efa42094f8799a43ed116e32345528ef2713182193,reference-normal,none,validation,False
SL-CASE-0089,96f36d3cbbc712369aba53cd095e1889172cd33565205d49457d38fdb55e9a8e,reference-normal,none,validation,False
SL-CASE-0090,c6bf9fad9282bc650397d9df7699f8e7e3f2aa628e298b45f5385b436ee687cb,reference-normal,none,validation,False
SL-CASE-0091,5fca9c7435688c1d482f768aee1413a3b10bfedf0cbd9be45046b334f8d53ad8,reference-normal,none,validation,False
SL-CASE-0092,6569e3e5fd00a3ae7799d2a03c62564de721b50d5100b5bc37da0cfcc7e7273d,reference-normal,none,train,True
SL-CASE-0093,6ddb7ee32d91740b3ddaf841e325f3b14b61911ad47cadc4c3789aa383b63c7f,reference-normal,none,train,True
SL-CASE-0094,0cb50cabca07567969ef1c13732a19ceb4405c1dd0270b759626d57cc7b44093,reference-normal,none,test,False
SL-CASE-0095,62b7b9ea723bd88fe0884a9e484ccb3ac6be8047292d6c50340ff7815841cd27,reference-normal,none,train,True
SL-CASE-0096,303b9737dfbff8fa0290a5b68bfa0cc3dcd5a74ce450c0e9f215299332a76d8d,reference-normal,none,test,False
SL-CASE-0097,ac9acfd25519e9032f9dea3eac55e3c045bab385a3942179fa938a24823a3133,reference-normal,none,train,True
SL-CASE-0098,bad9e315a712c7bd51ae5cebe61acb3c908183d250fc7c84159f0685a71cb638,reference-normal,none,train,True
SL-CASE-0099,03aadd8a0d318500ce5ea12a3a8de5e69574c4f628dfa56568bcecf0bc80c040,reference-normal,none,test,False
SL-CASE-0100,61a29aafbb39e50a40586c2a8bc59e432c56233b1aafff9fab27a7fddc3fc3b0,reference-normal,none,validation,False
SL-CASE-0101,4bc4dc7727408de106dd5329a2b2238f4695a07ebea366600d14fcc5c42e8cc9,reference-normal,none,train,True
SL-CASE-0102,59bf78c52b4cfb39ac5eb35c65afec81002025d1c4619d9f59ce0cc39cda9186,reference-normal,none,test,False
SL-CASE-0103,385f3bc27d607697a34340a13830c7c9d5612e42c55b092bdd519749a9df6b95,reference-normal,none,train,True
SL-CASE-0104,f7df046d4bc5909f7beb630fcd2076f3b17206c11e44d51ae852acfc9ddd3b2c,reference-normal,none,validation,False
SL-CASE-0105,5acb48b513f51dc6b19a0e399ec5e141905902b1585980fe5cd1ef005ef71328,reference-normal,none,test,False
SL-CASE-0106,dde1a959af534eed2c8a2dda990f9fc5c485efc8eefc0c9efcd23e60547e4fdc,reference-normal,none,train,True
SL-CASE-0107,cfb948e88040787e24950679aa5274d2e27225cac7c196a90ceee9bd16bcd993,reference-normal,none,train,True
SL-CASE-0108,cbfaa38682c87cfb1613be6414a85c6bcdcec93477770fcc1a0fa9571e602994,reference-normal,none,train,True
SL-CASE-0109,f695d57e29bd2086fe71c6a21407359bbd657b389578a94110d1668461f62c74,reference-normal,none,train,True
SL-CASE-0110,78105c70e4c143163bf906e8bf7aa43dc3b249e7c8f41b630a9e15b79515395e,reference-normal,none,train,True
SL-CASE-0111,2228d231aa1aa66ee672da47ceffe094110b07cd7a52d54fd2c4a391b976744b,reference-normal,none,train,True
SL-CASE-0112,5f5e60f8e3e04ce03487a9783cb1653af767661978a65ce6a97154afc55de184,reference-normal,none,validation,False
SL-CASE-0113,cf590a0d8ad7ae6894f671b4e25fbe2078724026bc3ef883d7f462419b9fac35,reference-normal,none,validation,False
SL-CASE-0114,48d3f6a0c14ff1bd93eea241cd35ab6ae026bb43e31f39c11e5f984f96e0877e,reference-normal,none,train,True
SL-CASE-0115,f24b0d5f08c53086be138e8ebe574e6482ed385e08103fb043a5d872d204281d,reference-normal,none,train,True
SL-CASE-0116,ef2267b94435ed818304cba93e8c58340cc0218134fe54f95240a785228d042a,reference-normal,none,test,False
SL-CASE-0117,5e54f47b24b4e53658e20918af4045842a981e5b7eceec1993119a8b0cdcb20d,reference-normal,none,train,True
SL-CASE-0118,1b8aa5b541023592190c22a27004f3c964d1a9d56e1629d39d6f99df2963fd71,reference-normal,none,train,True
SL-CASE-0119,be8d65e7b8310821bbcbdf0e3ca4254a67575ace1f67369ae00e64ebb0c82907,reference-normal,none,train,True
SL-CASE-0120,faa7dca41a53b8b52f3fe44ab5dc23fe0d133e91caaabc2c70503629f995a061,reference-normal,none,train,True
SL-CASE-0121,06e9d3e70d4bc92d498dd429d6dd0d03793413db6487646b2e4417e6ad831958,reference-normal,none,train,True
SL-CASE-0122,70c63f38e192cd9313c2b95912ec2f9bf7371bf6ea55aff5796e759a738c7eae,reference-normal,none,validation,False
SL-CASE-0123,e2de45ec969337238dc7f2603459c1f4448216824b56d8b63cb1f80039f2ebfd,reference-normal,none,test,False
SL-CASE-0124,3b4eeff0cf26c69e91a9828e3a4f6d3fe093b12e0e70ec6af52ec7719fb23601,reference-normal,none,validation,False
SL-CASE-0125,b18c65619068d2d4648eaeaf76f9bddd3925ce25a388473384158bad2bf5720c,reference-normal,none,train,True
SL-CASE-0126,8e0bead792c40f0c0393a15a31f86011e60cbdc7a578b12ae2a7e308ab876437,reference-normal,none,train,True
SL-CASE-0127,1d8e5bbe55d039c95ed613820cd8bf18e9f87a259a87f5b4834313d9e5242ea3,reference-normal,none,validation,False
SL-CASE-0128,a464eb3379cd88ddf05da8d7b2ec77953540c19dcd56d78910da29bfca9b40f3,reference-normal,none,validation,False
SL-CASE-0129,1d3dab51084ddec67671eda3625e09e70bd9ae5ad6d536c718f4faa8fcee87bc,reference-normal,none,test,False
SL-CASE-0130,b364c22de942b6404737fc0c9024e8823f64653a58b1f6de1cc5b8bc679529e6,reference-normal,none,validation,False
SL-CASE-0131,6e84a68ad2b1a30f20291232e6ed726761390e88d96a639240892abe14e54f94,reference-normal,none,validation,False
SL-CASE-0132,fbb90af2bfed6c00673af7a9c8a32746823f1b24f0b43537e0d162a2dce5c8de,reference-normal,none,validation,False
SL-CASE-0133,204d93743c88ac016afb3405907d473a2dcbc80231a030f158eec519feaf6b36,reference-normal,none,test,False
SL-CASE-0134,d8a1330e561a1b5ce564f0dffe952a1d0703de2aa6acf018a259a82f82b1be4e,reference-normal,none,train,True
SL-CASE-0135,f886f68da0e50ab3a876ef8042de55aec0e25ad3eb1432cb795690f3d93b3a83,reference-normal,none,validation,False
SL-CASE-0136,7d92a1f486446f71eb75fe103cfd9d5706db09407b04e7b49b5f0d8c6bcf312c,reference-normal,none,train,True
SL-CASE-0137,f1c2e51434c4d9d92dd9b14a1817d269fb0c293e0c1a3bfcb76e8c8adaa2b39f,reference-normal,none,train,True
SL-CASE-0138,eb1883dc30b76c8417ac91a6ebc89f17d7d04cca3fdaeef44742a196a0a650f1,reference-normal,none,train,True
SL-CASE-0139,488424d1d4c2440afb4080745d15ff2353aa99cdc3b0f2b765e24317c5246634,reference-normal,none,test,False
SL-CASE-0140,b44ac03fbc8aeabbf7ef13977dccf1089c763b28b43f5da2a01f3a6cc7105000,reference-normal,none,train,True
SL-CASE-0141,26d2581848bb8249f893189056cc8ec70392dc64aefa3cf656c24fe22853a8ca,reference-normal,none,train,True
SL-CASE-0142,64d7e0606e98444346b9bf6d48a10a40350c90df1c4e2d5f9ad8cf01dcadee85,reference-normal,none,train,True
SL-CASE-0143,128d59453659ae44f310e1b637b300b1d749d2b6d62dc6fbf3ec57c31e049735,reference-normal,none,train,True
SL-CASE-0144,9f8abd8d2b87269f8a5ef50fce0946a45a045c0575e0a27ea3ad7df6847afa11,reference-normal,none,train,True
SL-CASE-0145,b07a3b0dd1c33f279c69da0e2407b29e6e0089784d4001d08f3d8601d1a011e5,reference-normal,none,test,False
SL-CASE-0146,d0dd6663d5aab59ab37d6ab1aa927bfcf0354898dd185fd52d1ce993cb8c91f4,reference-normal,none,train,True
SL-CASE-0147,572ba30da8d75d0c86929ca5b649d5745b1278ce39eb0053978d976c9ef91ae5,reference-normal,none,train,True
SL-CASE-0148,c3c8ebbbe2a3cf1897951adb068e9886add44a03b8e5f615e20d040200807fef,reference-normal,none,train,True
SL-CASE-0149,3149ff22148020178370b430eb2adbeb859ef2f95cf45b518b8bcf0ce9a10e92,reference-normal,none,train,True
SL-CASE-0150,4206332e65be56650a44f4bae69379800aee0f2ed15dbf3fd76b0fc4f852d324,reference-normal,none,train,True
SL-CASE-0151,07ac11a4940c9b685724007ea4e33e2b1b1dd82dc4be9fc0c3c5aa15ceac6f27,reference-normal,none,train,True
SL-CASE-0152,560dfe6ebabb9147e62e51c9ed864b2c518660da98c1d251f968c469b5d89095,reference-normal,none,train,True
SL-CASE-0153,e17d8f5a90c76db0f16ca3f32fda2545c53fce7b48270656e1b1545c6a0cb29f,reference-normal,none,train,True
SL-CASE-0154,c023ed42662646534f60fdf38d8fa1f97af151f95528007f5264dcefa09740b9,reference-normal,none,test,False
SL-CASE-0155,38b628ecc4d601cd86206d3aab09f6190b7ad77cadc2c8b3b72c3cb042402eff,reference-normal,none,validation,False
SL-CASE-0156,81fc73616b49ca217ec3df3583fa5af136f83ab3ea53a1dad25ed910a1f5b1e6,reference-normal,none,test,False
SL-CASE-0157,311b34fbbad24fe74c58b8f7ddc66a328094d91f99496b96322474d76d437609,reference-normal,none,validation,False
SL-CASE-0158,bbea6a04032ddc093cb9966583aab0d79c8bc71f5c26d37ea49765b1c3bd6db6,reference-normal,none,validation,False
SL-CASE-0159,df64b6713d86c6fb1f3676bc3d0f54a6eee00aa9f59202dc225a48426986691f,reference-normal,none,validation,False
SL-CASE-0160,6c8933b819a7d8b328622b33934a6d764c75e02a78b22305da8c8fee516f570c,reference-normal,none,validation,False
SL-CASE-0161,211538923e008aa27ed83c894e59808e72d4a2d75a65510f3dae607b6726ac7e,reference-normal,none,test,False
SL-CASE-0162,934d967cd7437e0ffb352169722aed36eb5232e610348930a96fb442505e03d5,reference-normal,none,train,True
SL-CASE-0163,8cb5cb93b604f9fd9cdf48d9b30ff24940795a4325ae374206539f710bb53c29,reference-normal,none,train,True
SL-CASE-0164,f5e5c2a24d5404deae2c06b9f3df2e3a293fb942fa7a90fd1e046e045f5f7099,reference-normal,none,test,False
SL-CASE-0165,503e715a422ac9fad39c43e7b39e451ab61c1b0c14c1f52ce6b2cb9ac475b035,reference-normal,none,test,False
SL-CASE-0166,25157d54c0b1b5b1f40cf89f40b53f252241f03aec42fc2d4012b97137d16415,reference-normal,none,train,True
SL-CASE-0167,7c7bace73ac654b743c9b64dd9ee746c0b00162481217d694d6b70410ec5bf43,reference-normal,none,train,True
SL-CASE-0168,fb8db13645825b0358d2c45d57d6d1ee05a42a01161d5c22d03899ff0eace53c,reference-normal,none,test,False
SL-CASE-0169,8bc561759df7f75841bea589baaeb91de4e8b71f8964a88f9d0046ba06bb9d3f,reference-normal,none,train,True
SL-CASE-0170,b318a7b7e83fadb3167f84e03ed369f2de3370a887e8ba65bd2070b9f50e51b0,reference-normal,none,train,True
SL-CASE-0171,d4470baebc8d3c27a17be445149fc24f137718adbdf0197da476cc1224b45ca8,reference-normal,none,train,True
SL-CASE-0172,ccd0215e7002ac1e28e3d759e119aa7f5b6263b38a4be35e8b8dd01eb27aef5e,reference-normal,none,train,True
SL-CASE-0173,ceba932aff126950760d04a0118af6e65d703536bf95f1952d3b06ea6d18d8d8,reference-normal,none,validation,False
SL-CASE-0174,0c22eb37769b56305de5af8d144bef27d7eeb8259963728aedf5ac760fbb5562,reference-normal,none,validation,False
SL-CASE-0175,80e0627b30ed12f1f00de2e9660a62612e8eec8865ab38ddf6c7b0f7caca1a76,reference-normal,none,train,True
SL-CASE-0176,9bc30f64c16753f67a7fc97bc6613300cc170328263381f5bff45c27e809dacc,reference-normal,none,train,True
SL-CASE-0177,f66bc4b7486f7b05ba09791b35b19f19eea548229b9a961cc67a4492f219da71,reference-normal,none,train,True
SL-CASE-0178,4243461efb9350d2e2c06a63a43549b5cbd7b68f3a31b0c7bdbff7751ffba4a9,reference-normal,none,validation,False
SL-CASE-0179,61f0e73acc2b4d591f91e1a16be3b70134e09a881041758ddcb284b6c8e1a5ca,reference-normal,none,validation,False
SL-CASE-0180,99e9c77f27beada71e2b5a9a196b49d2ca973c58ad30d61fe3bcb63d1370fd3f,reference-normal,none,train,True
SL-CASE-0181,0f762a696621ff885611270388b97745d41977436d93237984503d4de8785079,reference-normal,none,train,True
SL-CASE-0182,c5929474aff2789f25154011fee2e57a9d53c1d837c4547d97a1d45aab54d193,reference-normal,none,train,True
SL-CASE-0183,d2ebd3c9218537f01381f95cd4de21aee4db05f40eb7ef60336c9280da5dd619,reference-normal,none,train,True
SL-CASE-0184,723f82b2ec81ce5f6987b21593055da0ecfa6fbbcecd0e24b1264f337bd550a1,reference-normal,none,train,True
SL-CASE-0185,5219ce0679fe72cecccfa192a1fbb7f07126ac9798a1ecb38d6414d2ba1f8430,reference-normal,none,validation,False
SL-CASE-0186,eb9afeb2e5fe3818aa20411bf1fd156273bf2c9f81c18e2a914503e69a23ad2e,reference-normal,none,train,True
SL-CASE-0187,78e6b82549083ea8a0a3275cb491560d3feed91d2a57168455501eaaf5a9e5fe,reference-normal,none,test,False
SL-CASE-0188,0a6604e8a04452787b092be5a15bd853d8de85f9757c444637b5bc83208eaea8,reference-normal,none,test,False
SL-CASE-0189,e4c4e02e6dddcf99205528581c7cb3acc326a2d2a55d1504cdeb8d0ce8d2e0d7,reference-normal,none,train,True
SL-CASE-0190,7836029c20da9bc33f1ab2aa1e0182fda079e33e9c978dfac4037d3ab652390f,reference-normal,none,test,False
SL-CASE-0191,8023585f4733e137e838e171ab30d09b62150056748571a089c3e34d874ac276,reference-normal,none,test,False
SL-CASE-0192,4bd8e8a0ad95b78fa3f1b5c3b9eeb6c69bc7af3d57dad8b055e8cb5075ed8c19,reference-normal,none,train,True
SL-CASE-0193,c9d4d1c0ad12dd0069c1c01e27b0c4bd853759de99074c6fa3ce40291a86e7db,reference-normal,none,train,True
SL-CASE-0194,76bb89161200fc5da673478361597eee177c3999a863790cb4c04bdce4fcb7bc,reference-normal,none,train,True
SL-CASE-0195,083b926a80763bf790a2110d2888a2469ef89438702271d0e325e8fbc229db73,reference-normal,none,train,True
SL-CASE-0196,2fd35a9d45723868a4a6623b842556baab8e947dddeb3ae1d4ac4b2b95790617,reference-normal,none,train,True
SL-CASE-0197,e27d325cbe1bb5e2b9b3802401f7f63abb70098d00bd978ca0aad12df3fb3a8b,reference-normal,none,test,False
SL-CASE-0198,bb36a4d6470624a0a5e7c1789090eb1df191fe5d8282047f1e903fa83c6f6254,reference-normal,none,train,True
SL-CASE-0199,55926334c8c903e29b200975b599841d67ee24b48a20f1df499ac785249de9a0,reference-normal,none,train,True
SL-CASE-0200,89b178831bef8171358c92ce6064396ec26aa22374a1d1aabfecbad748765432,reference-normal,none,train,True
SL-CASE-0201,338e155371f9596bce534a00ad6d4a84d051ddd6e18b6561dbba80ff51d561ea,reference-normal,none,train,True
SL-CASE-0202,42ebf4c95d56e61805138b347c8924493bcd677d0c98fd73897b6188d50474aa,reference-normal,none,train,True
SL-CASE-0203,4550d2b4db8a8846791e13e7f903bf0df964d6a8e6d9337407455b575018d944,reference-normal,none,train,True
SL-CASE-0204,b92980b777f8811ea8524ee7106e63f2b2977369cc263a946a11cf1c15743ca4,reference-normal,none,train,True
SL-CASE-0205,f8ac13c2124a9eb4646c9db3f8c74b770d3d48cd8ef0258213817235f5f52e7b,reference-normal,none,train,True
SL-CASE-0206,9a19bfed3b170694081983262cce6b64d090754045878009d5026c5886e2fe6b,reference-normal,none,validation,False
SL-CASE-0207,b0b0bb5163621430bd645369be6df42ec5cece3ca5a2add803bf7b113876f778,reference-normal,none,validation,False
SL-CASE-0208,0e0b87fd397f0a4e92869e4161dadaf56ae88be67cfe6c7a36cf779f1b3f8a19,reference-normal,none,train,True
SL-CASE-0209,ce29eaebe628803308bd931af5f0f32c43bd1939b08a4a14be84f22f61fde8a3,reference-normal,none,train,True
SL-CASE-0210,5eba7c43437b36cb5e89ccee5dd63cae6b5b82dd41f2583c8cd1c07367c18ad9,reference-normal,none,train,True
SL-CASE-0211,031c21a2abe36ea3236bacaa81a3d620f44478c1f197222828f075009aa1017e,reference-normal,none,validation,False
SL-CASE-0212,de5fd0060c9bba558c6c45751aee0d9c0b96d49eafa17dcc4f18a20235302c44,reference-normal,none,train,True
SL-CASE-0213,8d36af91cf62b836c9cee063e75eb616e7d85f476f25a2a3b0fdbba7573238ba,reference-normal,none,train,True
SL-CASE-0214,c91c14fec0f019a576b445501c78b16f4c80cb6471ab6fed4fd0a102a064d6a3,reference-normal,none,train,True
SL-CASE-0215,e6f9ccfc4483d2ab531abe98a132e77245c421f849742f46822a60b9c383837b,reference-normal,none,train,True
SL-CASE-0216,bb1964e0eeb92f668b4a27e4cfba9d19a0583789a26ca32ae0ff2af27851b813,reference-normal,none,test,False
SL-CASE-0217,59315f2df7844d50e4a1fdf12b64655c959ebfabb090e1f5d79f3feace41ba23,reference-normal,none,train,True
SL-CASE-0218,ab944f019eb10274ac06f3dc8b80f46dc9b59e73f9e12bd7cf51d8ccf0558f0f,reference-normal,none,train,True
SL-CASE-0219,360025b5e59f241499bb0e364679c08b88643b1dbfd3d4595adafe82ead12ec9,reference-normal,none,validation,False
SL-CASE-0220,14cfec3cdcff1ee426c38495bcf6987d5801d585bb66fda9dfe7349b5adac5d7,reference-normal,none,train,True
SL-CASE-0221,47676f5134cca5f83c1fb0ecc655fce1b6c17429dc537c72a43e0afdff476c1e,reference-normal,none,train,True
SL-CASE-0222,2e32aa366906abb76dd591f27a4af5602a5153cb8caa43c1fdef1a24e7ce8638,reference-normal,none,test,False
SL-CASE-0223,46a453b49f4e67470b1ea3e2f67f665510aca4adc2d7f41b8feeb7c110657901,reference-normal,none,train,True
SL-CASE-0224,16afe86dbd80e3160be3dedf2d5f5936e975f1a5bdc8a5393414021a403b8c00,reference-normal,none,train,True
SL-CASE-0225,dc649c2a3784fed8cd08461c6d93b890f66b21c70d419dc2e78eba60ccaa737a,reference-normal,none,train,True
SL-CASE-0226,0913d4e709a1d176bd24b2987d613006efc27867738aec07739215c4a5f7265d,reference-normal,none,test,False
SL-CASE-0227,43fc96cb5ad5ee2cc484a4a795532c710fd332201d4373e1e4e589063ef74f14,reference-normal,none,validation,False
SL-CASE-0228,fd2005c0c3103df142ae06a77efc1223d197b5c32648b5023c4a9db7d9ccf92f,reference-normal,none,train,True
SL-CASE-0229,0e5f09ec4ba327658e9a9456fd38283512af2247608f53de7725d04bb7ffab87,reference-normal,none,test,False
SL-CASE-0230,4e4c99d09b440938943ad7fb3e8685aba6b7b16c2758da370ed735de226d60f7,reference-normal,none,train,True
SL-CASE-0231,e873b833c44297e52bbc086d464d7179ef4c9d2b1c7f238b2b97a6f06832e302,reference-normal,none,validation,False
SL-CASE-0232,526abcd89e6f300cbf8da4729c8b841c3e8b4568b463763b49a88ef6b9cc90f5,reference-normal,none,test,False
SL-CASE-0233,930cfca82749a94fe704b2d776b49e740fe38f3e0d56067446d2a42463c7164e,reference-normal,none,train,True
SL-CASE-0234,23461222bdc1ee1cfb9e032b88d23a3a3440cde2c110993ec55162dfb0d95eb2,reference-normal,none,validation,False
SL-CASE-0235,f55b68e4a9582f065f54b553cc059dc47031dae4a70cedfdbeeda92b74ffad6b,reference-normal,none,train,True
SL-CASE-0236,baef3c479444e9218e2d5a2d810fa94a2e252076ba1668d569b1431daa871196,reference-normal,none,test,False
SL-CASE-0237,ffc078b9f47aa185650a45c4547b848fb93f1673695c47fb49ba2b9b0627a902,reference-normal,none,train,True
SL-CASE-0238,d162f6373e54a0e989b6c0c42d59bffeae91606591adda6198dc88fc993c09ed,reference-normal,none,train,True
SL-CASE-0239,677969d3418bc5cc8e0d518eeb014aa719d2fa193fc66c890a2b01eb549cb1ab,reference-normal,none,test,False
SL-CASE-0240,0a6eac1794cc864bb95defb480f03f862bb4c73b1a2a649e672d4ffe4c313c0f,reference-normal,none,train,True
SL-CASE-0241,fe507c65867b94911620b4b6cd623a40ac10e0cfc6e2cbf4b9720b3523f420e1,reference-normal,none,train,True
SL-CASE-0242,b24fc1e49a4d55499104f38493cffd96e6a5e0a207243040e41f5ce57016717b,reference-normal,none,test,False
SL-CASE-0243,26d5281fd5e4055e373a0739ffa4bde6ef249ede4afa00d36369511271ccbdbd,reference-normal,none,test,False
SL-CASE-0244,5f6ddeed05dbf26c1d54d16add908777f65afd5918f44612bf6814524dfa2c3a,reference-normal,none,train,True
SL-CASE-0245,e45afdd091a7ac8b64b63a5520f3ac7addc1afeaa1abe8a5dac5d0c1f3b12695,reference-normal,none,train,True
SL-CASE-0246,ca7276f9cf795305ce136e8b1da6a1fb8cb905aeaf76bfc332cb5e1c0806b8f5,reference-normal,none,validation,False
SL-CASE-0247,d25f9c6701cac9d43b31ee2f76b0dfc46624537a25c6087a645796411bc95337,reference-normal,none,validation,False
SL-CASE-0248,7cce220df7591efe0c731bcb16f8ff3b1c34c71b7d5d628b35c25a6807341e82,reference-normal,none,train,True
SL-CASE-0249,4afc2037fbcfaa738cce269437bad8ce2e84e7b5cc73773b6e8157a65b5db279,reference-normal,none,validation,False
SL-CASE-0250,e1fb06182944e6ae4ab8b088b9c001c5267e271e96a7ab10597a8e37d7f18ec0,reference-normal,none,train,True
SL-CASE-0251,2377861ca883d215c1daafc94fcc38982321875f16b4f7ad72b29961a0f70c4e,reference-normal,none,test,False
SL-CASE-0252,64bf345b3fffd43bbc3f4e4859444666d0495977eae2668cdc7e4cafdac3ea39,reference-normal,none,train,True
SL-CASE-0253,04b85421404216d45c45719da395fb4c277c573d9284de9ba96a0053083f0d5c,reference-normal,none,train,True
SL-CASE-0254,49aa8682141b5fdf84b1ea6b4002774049dafe2f18711f372371179c0cfa447f,reference-normal,none,test,False
SL-CASE-0255,d8d919fdfa097048f78386d07d4b5e58ee39e1736cb8250fae8901c738fe6943,reference-normal,none,train,True
SL-CASE-0256,9949b074e6c07aa6f4f00fc498e8063980e994649b2533ae96e3c4e525a3331f,reference-normal,none,train,True
SL-CASE-0257,c8be7b62296709803926b16dfafd9dea7b039bce733ad14886ffa6ba3266c811,reference-normal,none,train,True
SL-CASE-0258,e75fa9c8f0539187dc7e34f2b0456457b5a6a2ee7ad7985fd0e82bc416104b46,reference-normal,none,train,True
SL-CASE-0259,f2880715a9f2e93b02333632bc379cbcd594ec6a8388d9287863a4abf72ad8b2,reference-normal,none,train,True
SL-CASE-0260,66fcf429f4f7f7e2a239c3eb1b6a9ccf949fd4360e23c7764ef73c7167d7187e,reference-normal,none,train,True
SL-CASE-0261,cbb72d149b2e2adb269674c875e2b1f9a887fe1c65aab31032be36a64e101865,reference-normal,none,train,True
SL-CASE-0262,fe4d31a68c75cc0771197c106ddaf0850a7820882c6a6d56d2786e68a26a5ddf,reference-normal,none,test,False
SL-CASE-0263,43b182f48994002c19cc4f871d9a9ca0360ec526a0669a20965e0d92b05b8aae,reference-normal,none,train,True
SL-CASE-0264,099f20fd3be7704aff16f9d0a988f3432decf8dd825bb8346b2c009fb9667cfd,reference-normal,none,train,True
SL-CASE-0265,a9410b823129c4fd93cfdd52f9d36c18889d525011110f5a6bc4214cd00a9557,reference-normal,none,train,True
SL-CASE-0266,e605e720cdc4057c637c89977cfcb6979002c13bcf53397034d1734e3028a1c7,reference-normal,none,validation,False
SL-CASE-0267,bbae65ef45b578a84b63f188e5398ca220add18247e01bd0f60e5bd337b904ef,reference-normal,none,train,True
SL-CASE-0268,a910ed34d6fd7d947caf801ce3f7f4c5ea45911cb5cd4b4089fa70eb3ba9f97c,reference-normal,none,train,True
SL-CASE-0269,c30253d475370ef5032a9541fed35f4ab343080625e51ad64992d08317c31497,reference-normal,none,train,True
SL-CASE-0270,50320ceba397baf6d28d8b28e5b3faf218326c7a1c9c8906a84d5d56784e16ff,reference-normal,none,validation,False
SL-CASE-0271,ea8a02acc901e6a41354bb796b99add9ee12c7b613a5218b2cc76def1d9ed272,reference-normal,none,test,False
SL-CASE-0272,e0765cea27c021f5b00671424d6c2c299bdcb7dd5acf34409664956909d7191f,reference-normal,none,train,True
SL-CASE-0273,d8f2f5033e432f562a9a591c7f6f126edf661a8661148b0d6772cb6ab3f2e42b,reference-normal,none,train,True
SL-CASE-0274,b405e6e0d9362184cefabc7ef6fe59e58bb9eb161a53372355831e4542a66b6f,reference-normal,none,test,False
SL-CASE-0275,955361b4acf235c1f3d2d33555a78ecabc843aab08f7f202fe596c14d217f66f,reference-normal,none,train,True
SL-CASE-0276,90e3a0c85770e0d6a86812e9a535d8b1e25c706a8661c9cace58f0b5f411da3f,reference-normal,none,train,True
SL-CASE-0277,c729b24921646b3786c2a3b41b8ca8089bdf4f4823ad31b9093398084c1f6cec,reference-normal,none,train,True
SL-CASE-0278,9c27055c9b4391ddee889a776394be9308f30ed996075a04f09fa9798aa66bf0,reference-normal,none,train,True
SL-CASE-0279,5b92ab8e1518e773e2c492f5dc854178cdf61130679e665aded306f0fc169ed1,reference-normal,none,train,True
SL-CASE-0280,cd643ecff084612e58889fc6276d456f23890ab0db707d2b4005b91a2029e996,reference-normal,none,validation,False
SL-CASE-0281,f6e7f9a7e5aa1234da13efdc2ef860cadfbc7bd1a060f1ba37a372e0940a6698,reference-normal,none,train,True
SL-CASE-0282,e86ffeab2a3eaef36da49986ad025cfe78387c198c54eb24b3c72e7c0e03a854,reference-normal,none,train,True
SL-CASE-0283,6c3ecac49e8c0024abee15dfcf7ceaf3d17b6a1fabdb01d2e68c4b1fde46887e,reference-normal,none,train,True
SL-CASE-0284,f8aded04a64f40bebb2f27e50bd052e9fb5226af92fd994e7b17664df160befc,reference-normal,none,train,True
SL-CASE-0285,4da0fcbc29a4c0edef2266128ffb7928d93baf3effb56d0be9ac722c8d4f822d,reference-normal,none,validation,False
SL-CASE-0286,27dc218a2afc8abc8aa8f3d3cbd09558551f3cc54437b1e869d51df512a98dec,reference-normal,none,train,True
SL-CASE-0287,9eaad6a4bd55e6cc6a13bb6d14b9839cf4621789ec4823c7bea8e8d06ffa2869,reference-normal,none,train,True
SL-CASE-0288,69706f36e77442e144249871ecbe7a03e4e250e85af832512e798fb798b38e3e,reference-normal,none,test,False
SL-CASE-0289,99de6636bf2838013d5d391b53b64111f34e7201703980b6066c61955985680f,reference-normal,none,test,False
SL-CASE-0290,ff0aff5d3ca51835eca5162d88e1c1b5c637995d2b67d93bfa7db5108f36a3cd,reference-normal,none,test,False
SL-CASE-0291,025f7294bf446853fef60ee0b24926b98c43e3c3617b7986c8b49559a99e69fd,reference-normal,none,validation,False
SL-CASE-0292,80e5a55cf5d89b909c05b1ee335a8cf68e1d8f9d37dbd936dbdc10b84c0d055b,reference-normal,none,train,True
SL-CASE-0293,27fbe83389c43a60b754f4e7ee449d91de477e7065e533475a4035c7290c1e34,reference-normal,none,train,True
SL-CASE-0294,2a6af3ae41ed90cb598942d1a14a9efbf1028d732342200511c6e90a55005244,reference-normal,none,test,False
SL-CASE-0295,e01d256f8df048538bed3dc5e70122a2495544cdb29d2f221d0d67fb7b7567cc,reference-normal,none,train,True
SL-CASE-0296,bcd3a544b5d60819af8fe32f8c353ad382d94f617c9bbf74ef1219c208f77958,reference-normal,none,train,True
SL-CASE-0297,6970a384336e5e64adf6058389514cf7860e5bf8c887d0e79380e49e7c016f0a,reference-normal,none,train,True
SL-CASE-0298,8cc1eba3831dd729252de98625688d21d859b5d48d5bfd425a49b282bec5c56c,reference-normal,none,train,True
SL-CASE-0299,9bf8cb668480d18d99bad86acdef8257a2d8282634154543d0012ea7877e0291,reference-normal,none,train,True
SL-CASE-0300,bb6eed87cad1113c0019a842f4962abf44b603d6e4d81e80091b44eceb0711dd,reference-normal,none,validation,False
SL-CASE-0301,5d02e04fed23a376a5af0f10a0beb390d8ea69fe5d7a6b9d039e490d70d02984,reference-normal,none,train,True
SL-CASE-0302,8b29c98a48bf112d3ea73ad31cf88dfe8b18e39686e88a6bbf67efe5aff1e1e0,reference-normal,none,test,False
SL-CASE-0303,f3d2cc44228618a817a7bdbdacc83b1336d26194cdd6104107a50374bbf3fde0,reference-normal,none,validation,False
SL-CASE-0304,46efff23825729f7ae96a374ae2a7fd6e1f07cc1984afe02ece5941600920b75,reference-normal,none,train,True
SL-CASE-0305,a8eb52de8a3ef28df708658d0fa0056e9a8a33f5a0f15e48ac2edcf603ede2a8,reference-normal,none,train,True
SL-CASE-0306,a7be663da71c76a4595fb7a2854165958d295d9d2a49f45c2022f04ee8723228,reference-normal,none,train,True
SL-CASE-0307,fd89835259c83e81d69e922dcd9b5bb3cfaad61dab226eff5fd88c1db8a61f88,reference-normal,none,train,True
SL-CASE-0308,b7bb7c410411328d8dce083af8c7c9b9843bbcd3334997965a68ccc0119996e4,reference-normal,none,train,True
SL-CASE-0309,e95c6453fc676d9bf9a734b6ae6c88046e85cb42e558a9b03184d79a546dc5cb,reference-normal,none,train,True
SL-CASE-0310,5001ff9ba9cc62d5fac8e944e9768bbb46fcf8fe1474864ec1151ffaa0ac9a52,reference-normal,none,train,True
SL-CASE-0311,1e495023241f37226dc7b241a415c3b66ce0d89b263c6966cd36c2a38cb5ba5f,reference-normal,none,train,True
SL-CASE-0312,5165d4f7eb717875d95695ca80190dcbf60a8dc0deab0ed526de6ecfbcbc58aa,reference-normal,none,train,True
SL-CASE-0313,64d998578257e0a286a7a11615f9f69ed428ae9e982ded630233bc1cae125455,reference-normal,none,train,True
SL-CASE-0314,ac6183c03fda15ca46f06c7b560cedf4ac333c4e3ad375325cd250d8bf118e3c,reference-normal,none,validation,False
SL-CASE-0315,f083923dbd7b9150abc1c4023aaab48dfee7c6eee08edccc73d6657fea307b7e,reference-normal,none,train,True
SL-CASE-0316,cd373d7f1aa2a665aba7b50cdf60a931b00faec8876b9702916fea5453ba0b01,reference-normal,none,train,True
SL-CASE-0317,9cef7a55916276c3a4a6b431b499acbc95d9a112c332a6278fa39c5ec89b6963,reference-normal,none,train,True
SL-CASE-0318,a6a7ca13e1a1c30aa1fde116003046bb9d03284bd8f4588a2ffae6f7df1626da,reference-normal,none,train,True
SL-CASE-0319,fb58f679707fa8960b172cdf7bd4950a6947295568c6906424e0a09786ba2bb6,reference-normal,none,train,True
SL-CASE-0320,875b29db177d02fa164a1d7e83a91472541a7ae5f9ce1a8c689010867de59749,reference-normal,none,train,True
SL-CASE-0321,c926276998aeafb88833682a1b06acb4d241b8e72b2ea0a3a150202649c7301a,reference-normal,none,train,True
SL-CASE-0322,04ea5675979eda930b46de9d15643906f205227b89ab8c23529f228cb812f01f,reference-normal,none,train,True
SL-CASE-0323,d39f7cc3391a7b89e97f03a6db74b790b79731b66621b202ee5c496a68aac14a,reference-normal,none,train,True
SL-CASE-0324,2d09a18f392b378b720bbf9b6dd3d10df3a86adf4bb5665d013e2e534a257f1a,reference-normal,none,validation,False
SL-CASE-0325,17cbe7e9d43f83e3056a6124699b5313d64c7ed0f34e8f54dcc2cdef49207925,reference-normal,none,train,True
SL-CASE-0326,5b02088377ad1fd13217ccaee0a4cd0b1dca01cd2870db0dc38445944863495a,reference-normal,none,train,True
SL-CASE-0327,c95f7e17ad81ee7ebad898cf70afc57a50c39449159973df908b0817fe6212d7,reference-normal,none,validation,False
SL-CASE-0328,33e680d982d732ccc3edbd147db8900d04a7d65e8b032396ff8f2a7d141d9611,reference-normal,none,train,True
SL-CASE-0329,6c16189a7acae0b243b396dfe81236ba763856ad609069fc4b3070a117219065,reference-normal,none,validation,False
SL-CASE-0330,e2b3aab8a580475e010d413a4567cc59c1eadc1408675524519f7d559d1256a6,reference-normal,none,train,True
SL-CASE-0331,8d7d7f8d2246bf287b43df160a454e08d52ef239640b4083287b3934b07c5126,reference-normal,none,test,False
SL-CASE-0332,bedcc931b330a8928f80b773ebd902f651d9b971f2ba1f9ad4d72d1b8d7d64db,reference-normal,none,train,True
SL-CASE-0333,f5c5aa15c50f9619613fbdcc45658333f5026c2f735f921852575fe1e95c81e0,reference-normal,none,train,True
SL-CASE-0334,a81aed4a45ebe37b21979f19372c1e740f4a08b7f83a84d44da76befaa7b7f86,reference-normal,none,validation,False
SL-CASE-0335,517779e93ac909f01b5636e176a5d28464a0805ba772b55b1fae60b80af592ea,reference-normal,none,train,True
SL-CASE-0336,847abacad613aae901b3b76075fd6ef8367f0e71549f503b7bc2b4467a03e170,reference-normal,none,train,True
SL-CASE-0337,00b5f101f722d51504a389cd85f270a14d9ab749f4b78d74a3febc4b64eaf32b,reference-normal,none,validation,False
SL-CASE-0338,b98256177c046108c77d859deec86489672ae706e79efe04c979cb43c897ede0,reference-normal,none,test,False
SL-CASE-0339,5cd03f775cbc1e98a94a1b4d39ec24ce3a7e1da919169b5742c46cf55f5692af,reference-normal,none,train,True
SL-CASE-0340,03f587553f8609f202718dd6f1cfe63b10059a3b5537d5aeb9e30f8511a1b2f1,reference-normal,none,train,True
SL-CASE-0341,73cc2900625c4e6f6b099924a3a1b9e802db57c1acfe2eabc8f4a9e3419ee979,reference-normal,none,train,True
SL-CASE-0342,1a5b4851ea5439481f859ed58f576695b399a1127d0778f7bf0fe6bae5342f41,reference-normal,none,train,True
SL-CASE-0343,1101c8ccd5f67d51486249d72c3fcf05d4618d6adffa8a3041a4f90acbc667c7,reference-normal,none,train,True
SL-CASE-0344,6d389ff96fef88e98ccd5448241eafa4e3b182171dbf21c10a3a56093ceb8075,reference-normal,none,validation,False
SL-CASE-0345,7e272621026320cd723c084f758aee1e5942f31b90a0780215e1e24ae37bf7e1,reference-normal,none,test,False
SL-CASE-0346,823c3b35cab835d269f349e05d263dfe95a4db2f35f01fd7711983a70c478d50,reference-normal,none,train,True
SL-CASE-0347,bfdd70b43273a3d2d3d9ed9009a06c012bcacdf22b7183c3af3290d6815113de,reference-normal,none,train,True
SL-CASE-0348,84e165bc28a0919f9dd83e3109ad015d3dc957287963eb6b70af8c62194c821f,reference-normal,none,test,False
SL-CASE-0349,6a63bdd8f67cfbf09b971a53d2ce31865f5b11afcac7e1a242dbdb6fbe810615,reference-normal,none,test,False
SL-CASE-0350,8da6d6de24f5f6203a2fda6e8b7c408d1039977cb589b6f7e97551f13fff0065,reference-normal,none,train,True
SL-CASE-0351,abd8622207dc2cbf380997cd76b8a28e6359ed9ef33f0503e52e1ac4a54f5f9d,reference-normal,none,validation,False
SL-CASE-0352,ef744af8de44cbcdf8c77f025f0f03562f43a9a18c79f7753560178cd8aff8a9,reference-normal,none,train,True
SL-CASE-0353,751817a4c1600d58c29054b53abc9ee3cfdd871d292919a3cef7e7e9cbfc9474,reference-normal,none,train,True
SL-CASE-0354,f7e05ebc1154c12802308292f22dd30d34c8514f3ee4f29a467cacf92da64311,reference-normal,none,train,True
SL-CASE-0355,3a92a50dbc29085b983fba8ddcccf40b49a188e8598350213be365c58e7359ef,reference-normal,none,validation,False
SL-CASE-0356,dd0d8ae6a2f952660e326efe8da6230113af4f66fa13755490ed9ef66e8ceb45,reference-normal,none,train,True
SL-CASE-0357,547c950d5d9bc53f7045a90ca1acb7dcf57a5fe6e4517105bf322aa4035293ef,reference-normal,none,test,False
SL-CASE-0358,3cf1df5a0ee934f4cb23c810e4200bcc7c397f6b8cdf2e2fb4210d1d22be3f8a,reference-normal,none,train,True
SL-CASE-0359,6e0c6455c3e10a472cc67233622d00a0e8b1e81b0f0e9d9cf54a12a09698f686,reference-normal,none,train,True
SL-CASE-0360,3f6f8c3048cc72bc3aee6812f7feefa62b6fd4a08d15f6c910625bad3c6488b4,reference-normal,none,validation,False
SL-CASE-0361,1a6a3e78c7f379f2a10e49f8c33e96ae5b7b32b51ae27615ec69e0daa2613082,reference-normal,none,train,True
SL-CASE-0362,e030977ddaa668cd54b8d968e837d645f79b5bb16be849ef1df230644f0c4f69,reference-normal,none,test,False
SL-CASE-0363,015dc715c23187b03166fa12153a7554d617585784337f2cabc757ed7442daab,reference-normal,none,train,True
SL-CASE-0364,bd0b16803b4feb9409f5d1dc2fbc16ea3087352060550f72c1fce9a855be44ed,reference-normal,none,test,False
SL-CASE-0365,f368a96aff52bf2ecf3d8d7eec7b5a4bf931dd5a94d9c0db7cb9e1d4aaa283bf,reference-normal,none,validation,False
SL-CASE-0366,7822f1b61c0d7d913cd1bb769cd190dd6917a78c8c2a559195b20095058acda3,reference-normal,none,test,False
SL-CASE-0367,d9e334fafa748a3bddd12d722568c40c9e6cef0b104de2b0cfb3b4fe7b36f32a,reference-normal,none,train,True
SL-CASE-0368,0fe9976e1ac59c1967499751b4950170f89000bdb3a4e7a8eea7fbcc5c410d75,reference-normal,none,test,False
SL-CASE-0369,ac8debe311e22151c36cd394633861003e01e260cba190159c5a7a48e045f084,reference-normal,none,validation,False
SL-CASE-0370,8322e64b02c83d716c2c7c713783658e96633c38f9f42d4e16c380d3cd68389c,reference-normal,none,train,True
SL-CASE-0371,077661a61cfbfeff2ab8f716c412883dfea589b17735404ad55a9d4c49c93861,reference-normal,none,test,False
SL-CASE-0372,5ff93ba7abfb471c747211ca2161e86decace087a9c6f1899c94f1e52a4927e7,reference-normal,none,validation,False
SL-CASE-0373,be459f88335dadbc808fc51cb7d14ce60957f290fa93fbe0b61651cb48323b05,reference-normal,none,test,False
SL-CASE-0374,5e2ccc60bc4f067737337c2e5b850a3e9a091fd9a215e225fb014f28b7a39cda,reference-normal,none,train,True
SL-CASE-0375,9687eca7c2e6f6e3446aa1bb7ba2e686b2d6ac52925781eab8c54998562c806a,reference-normal,none,train,True
SL-CASE-0376,de00a7667abbb09d4eceb4cc4207618edc7099684eba65a9110223ce7ffe1eb1,reference-normal,none,train,True
SL-CASE-0377,65bbc655bb54773d9abca954b5731048d968ac73a124d0e406c93ec0913f8edf,reference-normal,none,validation,False
SL-CASE-0378,735d26d0369b5b85f3be34e585b393dec7588d37a85224cf9201a70755fe63ce,reference-normal,none,train,True
SL-CASE-0379,2bf6be76bf144d4fe7fc6da82ddecf9fa6e8322ef8c072e6198eb31d4167fcb0,reference-normal,none,train,True
SL-CASE-0380,de4eb654fd01ed59a7c8a8d2a518c881de2df10cf19d2c26f108bfb7cdabad3c,reference-normal,none,train,True
SL-CASE-0381,bee72af8a4e4fe6dae56b79f196abc10fb148120373dbc6481185dc42557d0f2,reference-normal,none,train,True
SL-CASE-0382,ced50568f3f9444ec4a55390f11ccfe495a7f15f6c1d2a99a651ebf544935e14,reference-normal,none,train,True
SL-CASE-0383,9382fec791dda3fdebdaa7e96d02cfc1ab79992f9194daacf0b26f4a9be28f5e,reference-normal,none,validation,False
SL-CASE-0384,c13097aa2ed2caf022e295ab80b9603fbf22b67e816506ae4793a9337a632c2d,reference-normal,none,validation,False
SL-CASE-0385,48cd0e17a3c0fe1d650ffb3f1da7be5ea553dc9947b0d12ddffdba47d72e2f0a,reference-normal,none,train,True
SL-CASE-0386,c8fae62fca936cec8c5a2539e37df75e29677c4805bf5990f6a687ffaaf2fef6,reference-normal,none,train,True
SL-CASE-0387,78671ad8e031358c510b1da745673603652c94444cf6b02643318296b813d614,reference-normal,none,train,True
SL-CASE-0388,1a3bc4da1186dcd0ef3bfe428ca2fadcd641e7062359dabaea51582d7e82e73d,reference-normal,none,train,True
SL-CASE-0389,3b6740467cb6b79dd96567a8d5c550148a911e97f2127e0ec88e11b5fb6c0d12,reference-normal,none,validation,False
SL-CASE-0390,8941d084b4beb8107c2a9ceab4d50bfcfb2ff2f5c2be7ef90fc4861e6038b97b,reference-normal,none,test,False
SL-CASE-0391,327801aa18014d5c27f7cfdec970227561fb2bb19724344a4f040fd427b181f1,reference-normal,none,validation,False
SL-CASE-0392,0caf794ccb9ac8c802c9cfa8adbc49af9cd9e1c5c9c0c011791ce206aa2afa42,reference-normal,none,train,True
SL-CASE-0393,fd492227befbbb09c1be25a65c1a5aaac6103f714565bf8e0b8d605b64d0571e,reference-normal,none,test,False
SL-CASE-0394,4c6d296cdcf5d24417b68549f4cc5c80be292800e7f2ee164edea6086d79236e,reference-normal,none,train,True
SL-CASE-0395,86cb6d134f4ced20a0fb524268f3bbf3e25bf9ae606f252b63167357f9d40a10,reference-normal,none,test,False
SL-CASE-0396,e8f9c60cd284c08c16a0e989c387feb5b72fd6bd3be7877d529ef5238c8960e6,reference-normal,none,train,True
SL-CASE-0397,869c6b2c24eb8e5075e44e278de7808d7e3e20a4d14313f63acb8e51b2972835,reference-normal,none,validation,False
SL-CASE-0398,dbdb9c2ae545e66307942588b33ef21a24b01d44cd81c3079767d7442d4b23f6,reference-normal,none,train,True
SL-CASE-0399,dbd2a39cb23fc10665d9ab1a96b77eb00eaf3f889277e142b46d3d393962eeab,reference-normal,none,test,False
SL-CASE-0400,68f485442f23c2598a5520c41c86c00834dbf72ce5d4b3c0b3515afbd903d497,reference-normal,none,train,True
SL-CASE-0401,477011cc2ad2152658972d87ec75ff32138ca6c823c0feebbf34339288e4c7ce,controlled-perturbation,extended_gap,validation,False
SL-CASE-0402,c1b38a2a17008c4c8ecad5e6c0d95a1d5e7e0ebb581fb3fdff396cfb22dd9208,controlled-perturbation,extended_gap,test,False
SL-CASE-0403,7a863280a75e036ec8dd60407573acd8ba4f8e0f1aa9e2437fee768a218a2698,controlled-perturbation,extended_gap,test,False
SL-CASE-0404,322293aa9abedce44600d49df0f380da9ebaee169b9e33db43634095b02de72f,controlled-perturbation,extended_gap,validation,False
SL-CASE-0405,beb07734125b5ca6ffd1969f7e68273678b47416e395a6db98acabde93e12aac,controlled-perturbation,extended_gap,test,False
SL-CASE-0406,51029811e91c522df58b7b33b5c2f0654669340eab2432db8a0efca63f294e44,controlled-perturbation,extended_gap,validation,False
SL-CASE-0407,7309feca985540d7676c6d78b36d4eb2467260c222d568392bcb0deb611256d4,controlled-perturbation,extended_gap,test,False
SL-CASE-0408,312bd1bdc0eec97eaeb5537fea83c4fe60f6a3f2fe59875b7d84bc919933d94d,controlled-perturbation,extended_gap,validation,False
SL-CASE-0409,d49eb68f84aabd9cec4b0d138e818d07d147c1e236616ae830eff3b2f7670f2d,controlled-perturbation,extended_gap,validation,False
SL-CASE-0410,b7397859979eda136cddfd50956c606952fa8b341408213c54707e6b61e85f0a,controlled-perturbation,extended_gap,validation,False
SL-CASE-0411,e37c486a1b37edadee3754d7267a55610b9db6c3d1734df2fe84852563b780ae,controlled-perturbation,extended_gap,test,False
SL-CASE-0412,10b6f5617e852c062cf7d31467f0e6ec4202c2be0ab0799a05a8f48e93e6fb74,controlled-perturbation,extended_gap,test,False
SL-CASE-0413,4e00a37d266ab3edeb6606454fbb11c4d321f478489c4d035cd57e974c3129be,controlled-perturbation,extended_gap,validation,False
SL-CASE-0414,83818ee96cccc04df33a00b3b417fc9057b9373af84d9fa5d6e07f6309066a0b,controlled-perturbation,extended_gap,test,False
SL-CASE-0415,19c3905f689269b9c1d7864d66689aba15867b798d6321c41eb4586823e73bb7,controlled-perturbation,extended_gap,validation,False
SL-CASE-0416,1d67d4f66bed04d4d77f62a15b75b05df5392472d5de062d02b51114bca11ae2,controlled-perturbation,extended_gap,validation,False
SL-CASE-0417,0ab5ff712a0dbb39102bda0da707db84b1ffdc8a51afe67288a03134557a8183,controlled-perturbation,extended_gap,test,False
SL-CASE-0418,681cb12f7dd8297f81b17357656f2f5097136cfdd8fc43a82dcb474e80307c4e,controlled-perturbation,extended_gap,validation,False
SL-CASE-0419,b63cd4023c85c346f47689fc84ed54e7ea42aaee00fa97835e813c249c5398a6,controlled-perturbation,extended_gap,test,False
SL-CASE-0420,cb354b089d401b3907930794228dce81c524561bb7946afe148e120a0fce513c,controlled-perturbation,extended_gap,test,False
SL-CASE-0421,0653d5fa828838fd71ec7573383b586057e88bb1156e315dc72b49bee6b066a1,controlled-perturbation,repeated_correction_loop,quarantine,False
SL-CASE-0422,b99501ee25f43ac199f6c71c5b0bc8958941573eff6593df5ce5a2f82ecea6d7,controlled-perturbation,repeated_correction_loop,quarantine,False
SL-CASE-0423,88978a1b5b0706ec7b6100eca7b1c8809f57c0f0cf2407f5ba7ec7ede3c935d7,controlled-perturbation,repeated_correction_loop,quarantine,False
SL-CASE-0424,c6fa28629b2e2c184c881d713c0fc27db4b841c0c40ed3c74c850bf71ea9612b,controlled-perturbation,repeated_correction_loop,quarantine,False
SL-CASE-0425,b037845d134a90bcab288a854edcd98d6b349ab2ffff25362d236e8afcfe74cd,controlled-perturbation,repeated_correction_loop,quarantine,False
SL-CASE-0426,9f95c61213715c7716d1291aeae31e13cfc04a42eabd9110d6fbac7b10bb14c4,controlled-perturbation,repeated_correction_loop,quarantine,False
SL-CASE-0427,22a9398e46d4fe6821e6a913b604363707878437872f459bcea312750dd59441,controlled-perturbation,repeated_correction_loop,quarantine,False
SL-CASE-0428,7626d61db5f2d9b4a2c7ca265133d43dbf7f8a076a6bbe4b6534dfecc8dc0915,controlled-perturbation,repeated_correction_loop,quarantine,False
SL-CASE-0429,25470465b1ac957bf464f8f9df6482839632fcb5c0a88cddb6b6d8a4901d01bb,controlled-perturbation,repeated_correction_loop,quarantine,False
SL-CASE-0430,bbb4ef13893d742c76ca9e79e1533062d3ccbbfdfcef6e3eda251ba9fa9571b0,controlled-perturbation,repeated_correction_loop,quarantine,False
SL-CASE-0431,2818209b2994534a40be826205f7babd398ae64187203c1e343e77e503cd83e9,controlled-perturbation,repeated_correction_loop,quarantine,False
SL-CASE-0432,15d604c7861276d7bd6af55b478e36f154b95e8b8334274cee7d0c9277b8eb6b,controlled-perturbation,repeated_correction_loop,quarantine,False
SL-CASE-0433,a64d8923ce5fac6d526f3e4210df89cac056a305ebaa50530f04ceccdb00bb83,controlled-perturbation,repeated_correction_loop,quarantine,False
SL-CASE-0434,e3a50354049d53e7e03a8229b52a7abd91ad86b07e9ae2b3539ec243ee160687,controlled-perturbation,repeated_correction_loop,quarantine,False
SL-CASE-0435,d3a26905bb099fc0e7fcf20d053fdda74b3e7ebd1ded2c89bc648506d8e39d43,controlled-perturbation,repeated_correction_loop,validation,False
SL-CASE-0436,11331f827d988b02502848c6ea279659e27ca8d2180f0b1a5c8e96d23df26b53,controlled-perturbation,repeated_correction_loop,quarantine,False
SL-CASE-0437,db64c0eaa5d4152206be6b10855459e4f427637ac313466dd6cf629db89ce66c,controlled-perturbation,repeated_correction_loop,quarantine,False
SL-CASE-0438,9b35e481e5a72ace582c1104dae00ac115fd4dbd19c299de09cdf9ccf085e528,controlled-perturbation,repeated_correction_loop,quarantine,False
SL-CASE-0439,afd58633d4115f1b7bcadc34eb38de132c76c7123be79a320701c3c06de8161b,controlled-perturbation,repeated_correction_loop,quarantine,False
SL-CASE-0440,55e4dbc184d9c01657d3b4d409c49b3cc0247c214d53c29ad262529387452a13,controlled-perturbation,repeated_correction_loop,quarantine,False
SL-CASE-0441,fc242184b9b80c36313f35bd1cc2fc785341ba581701ec99ee5792e7f0460989,controlled-perturbation,excessive_handoffs,quarantine,False
SL-CASE-0442,852ed5f17f629d338abadce5fade174acb63d587dca338b04235422b736bcc2b,controlled-perturbation,excessive_handoffs,quarantine,False
SL-CASE-0443,4db504098a00a66b1cc71e3297ff9f490ecfab7d41e3cc9edc156e258ff51a66,controlled-perturbation,excessive_handoffs,quarantine,False
SL-CASE-0444,3effbecd7c7edb19318b5a129dcfd748b8a402d7e513773da6513d241653b39c,controlled-perturbation,excessive_handoffs,test,False
SL-CASE-0445,18fcc1ab03e5be2835288814363f6f9d05d73e59e410671b105c1f7e93c3d2e5,controlled-perturbation,excessive_handoffs,quarantine,False
SL-CASE-0446,65d5b6eadf10e727adcc2568427ffe74aa446571baff49cb5a5e60185b257bc1,controlled-perturbation,excessive_handoffs,quarantine,False
SL-CASE-0447,fb7e0b3f21ebeed272221ca417de5f806942420a0785aec8540ffdbe5c1485ef,controlled-perturbation,excessive_handoffs,quarantine,False
SL-CASE-0448,7afdbc21142e1322ba37e41d0cb38eeb16701ac20438419c75d871839262005e,controlled-perturbation,excessive_handoffs,quarantine,False
SL-CASE-0449,5ed9678ba86987cb31af226bf3c00ee7ff85c2fdbb92c6b364d8c5eb1d28e070,controlled-perturbation,excessive_handoffs,quarantine,False
SL-CASE-0450,69b378f18fe182649faf085b1fe903b9935404af819a253fa0059b7087df40fc,controlled-perturbation,excessive_handoffs,quarantine,False
SL-CASE-0451,75334957a3a5a840d43194e2e083bcda691b92670b43b8247d0b446f20cb17fa,controlled-perturbation,excessive_handoffs,validation,False
SL-CASE-0452,b5f46f1777fbd59fd7b674059259d4d225b84884a974d3860e488e2d389a7c75,controlled-perturbation,excessive_handoffs,quarantine,False
SL-CASE-0453,419f83afe6de63016809a09543bd28c89b457d0f371e5e96c56133dca1745306,controlled-perturbation,excessive_handoffs,quarantine,False
SL-CASE-0454,8b843b2ef2743f91e2c413d5a8f39b7bc7ce3ff474cde6f17587a49b4140bf1f,controlled-perturbation,excessive_handoffs,quarantine,False
SL-CASE-0455,fbf265ad777e23933823f2e5200c2a679bcd8420e5a30fdd0fc3d20262b32e79,controlled-perturbation,excessive_handoffs,quarantine,False
SL-CASE-0456,61838250dfc19f9ff3615a740901c1aee0de978a601bf013566ddf32dde4eb24,controlled-perturbation,excessive_handoffs,quarantine,False
SL-CASE-0457,b4436eaada47acad10dde67f46d732f612c82823ef46e7e323be1570357e798e,controlled-perturbation,excessive_handoffs,quarantine,False
SL-CASE-0458,ffe7a6065ddf44754ecfcbafa82d072946e836c79211ec0070aead39234cab2b,controlled-perturbation,excessive_handoffs,test,False
SL-CASE-0459,358e97153906a0e3ecbbbb93883e423d7b89d3f97e8c3e66014f9423de9ad2fa,controlled-perturbation,excessive_handoffs,quarantine,False
SL-CASE-0460,a3a0d951c90c1ac38b5d24f38586fe849cfa3c57684707ac7f7f993db20ab07e,controlled-perturbation,excessive_handoffs,quarantine,False
SL-CASE-0461,97da381e0662c69bbf8954c05dbe53170085719a57048676aec7d8461314413f,controlled-perturbation,increased_event_count,test,False
SL-CASE-0462,b82c20d91ce7d4c7431c8c6fa22001ac62c23a03391b6ca937cb9a2be1c61043,controlled-perturbation,increased_event_count,test,False
SL-CASE-0463,67b2ec88f920ac296d2fdee13da6b366eddbb0abf8868fb51dbd9a68cb0c62db,controlled-perturbation,increased_event_count,validation,False
SL-CASE-0464,54dc57ab277ee92bfd97751522e6e0d0800f4f638b01d491afd88195215a2af4,controlled-perturbation,increased_event_count,validation,False
SL-CASE-0465,950a59a5c52849801eda3451fdb76f84316cd7bac039215e96d9148ba76dbaf5,controlled-perturbation,increased_event_count,validation,False
SL-CASE-0466,2215cd72a093739f9fb8702483482c18bda917b4f7d36b308cd9c14070f64325,controlled-perturbation,increased_event_count,test,False
SL-CASE-0467,7609e0d4fb67bd2daccb712b97ce34ce9a4940888f5fa166c31dff386b29351c,controlled-perturbation,increased_event_count,validation,False
SL-CASE-0468,fbec6d355bcdca37bf2fdeeb2b04b448f30993069d8898ef13260fa1578b89e9,controlled-perturbation,increased_event_count,test,False
SL-CASE-0469,e0aa99802de08dffa732356dd888d8840492d872871d7b230674666ae4d1c614,controlled-perturbation,increased_event_count,test,False
SL-CASE-0470,35c04e4472934ad2f2b45ab977cb518bdba4a32936751c6ab8e9796719201e6b,controlled-perturbation,increased_event_count,test,False
SL-CASE-0471,885f97208940dadbed7119c36d6a288b59b10c737d7e99dfc55cb8c5a59c2cdd,controlled-perturbation,increased_event_count,test,False
SL-CASE-0472,25367aae5141e43ecb2f3aad3c59ca5f320ea540281abdb490540dad66e194f6,controlled-perturbation,increased_event_count,validation,False
SL-CASE-0473,e983081c52b5af32df47eff49c07cb970398eb1a29f9354c342ed2c8e7121914,controlled-perturbation,increased_event_count,test,False
SL-CASE-0474,d904a8c1bfb7e7fa11573aa22c75b082e9580b14287779cf5cd58ba5d18f075a,controlled-perturbation,increased_event_count,validation,False
SL-CASE-0475,808267eead4fb42456551b8b7b8fa6f41befaec23afa0059c51b4e5caaf9146e,controlled-perturbation,increased_event_count,validation,False
SL-CASE-0476,d88f7e08f39c0a5bb6acc7cd7a651e472ee1ef00a37f11bc95507567ce39d7db,controlled-perturbation,increased_event_count,validation,False
SL-CASE-0477,dd0fe5faf9bc075cc1ad575006d526e9c6bcbb976c4f0dca5072b45662daaf35,controlled-perturbation,increased_event_count,validation,False
SL-CASE-0478,d71c46f0e2b29e1a30893604f91958281067e3087e0f0869cb59aa53582670dc,controlled-perturbation,increased_event_count,test,False
SL-CASE-0479,865ff4e90c0810be308b8563c2bc8f44595c4094372be781f5cb753f4324c19b,controlled-perturbation,increased_event_count,test,False
SL-CASE-0480,fc173bda9554acc8b5cda490af6c09a255f4d84d2924cb1bcab5b408f549f119,controlled-perturbation,increased_event_count,validation,False
SL-CASE-0481,ec0dc39326c0743896e464dd66862f45e1c7af5865913057282dcd021be49c44,controlled-perturbation,duplicated_sequence,quarantine,False
SL-CASE-0482,7f0559176683f61dde4ef45e0ba2a6bb7c338e62697c6bb80011a5f38e2f67de,controlled-perturbation,duplicated_sequence,quarantine,False
SL-CASE-0483,d164dfcd0fd25e78bdabc73b0d0b2a8c5d549321aa840f82e73ae2f8afc1570e,controlled-perturbation,duplicated_sequence,quarantine,False
SL-CASE-0484,198cc7a574fb9964bd556622da3acc6b724ae2118cac65a99a6f074d8807e7b5,controlled-perturbation,duplicated_sequence,test,False
SL-CASE-0485,1355b15e7cc3f9fc362e0fe06659327c20c5af70ed3b2f4809aa1498e36b754c,controlled-perturbation,duplicated_sequence,validation,False
SL-CASE-0486,4f56898bf33404122b9f1b755c8a07ca759fc06fa1a5833c2e280b40b0b4590a,controlled-perturbation,duplicated_sequence,quarantine,False
SL-CASE-0487,0e8274e99789bf1ac540dbd9695f1e3f7b131967280511dc70936833ac0736f7,controlled-perturbation,duplicated_sequence,validation,False
SL-CASE-0488,a0c976b46c5baec8b3a30887267064c0f9e860a21275d3af00d1ef25befa32cd,controlled-perturbation,duplicated_sequence,quarantine,False
SL-CASE-0489,710305c8577a59e202e539faf48d1ad82b7aad71a530e041a6ecbdeba4521726,controlled-perturbation,duplicated_sequence,validation,False
SL-CASE-0490,820cf6c23a6a667554ef5b93ca0462adf9a099d2be89c0b46fc9e20a4067121d,controlled-perturbation,duplicated_sequence,test,False
SL-CASE-0491,77d39ab2fec6e235481166a0d7d1a9849b528927d54b3ee07a10c8125f568b74,controlled-perturbation,duplicated_sequence,validation,False
SL-CASE-0492,861174b52cd9663566a487a306affe71e3595a25a3317113098709dce62bbaf7,controlled-perturbation,duplicated_sequence,quarantine,False
SL-CASE-0493,6021a0cf4e998d6bc3c39d08aa4fe590cadfec621aa10aede03f9fe5fac2cbec,controlled-perturbation,duplicated_sequence,test,False
SL-CASE-0494,9b7aa38672eb59fb92ba70d3ccef5ad3116c8100d4bc40341b0d7a7be93c70d2,controlled-perturbation,duplicated_sequence,quarantine,False
SL-CASE-0495,eecc5574a1d3da3708a21231d2c096125756d23831007697e0cee7063a32d8e5,controlled-perturbation,duplicated_sequence,test,False
SL-CASE-0496,dec8aed91e68f261023b470b6777ada0f1112fa66d8f3436b56ce59cf1231caf,controlled-perturbation,duplicated_sequence,validation,False
SL-CASE-0497,f7be8b66164467aa3f6da61cd1412c08308af0f53699c8c3bb046bcf64011a5f,controlled-perturbation,duplicated_sequence,quarantine,False
SL-CASE-0498,5753d5bab3918eb73eb8db622f479f7363ac25f32bb54650b6e1cf263041de28,controlled-perturbation,duplicated_sequence,validation,False
SL-CASE-0499,690e71d680a30df5d01e67978433ec9ac8c864802b4ceecc649000ef2e289e52,controlled-perturbation,duplicated_sequence,test,False
SL-CASE-0500,a42b287e43ca361fd26ad01848e4ec8584d9dec951ffe3619a7ffe4269c35f9b,controlled-perturbation,duplicated_sequence,test,False
