event_count,elapsed_days,max_gap_hours,mean_gap_hours,unique_activities,repeated_activity_count,resource_handoffs,institution_switches,distinct_resources
18,88.59255655623843,473.26101342138884,125.07184454998367,18,0,15,8,16
12,48.28498412083333,290.5712115419445,105.34905626363637,12,0,8,5,9
18,94.31369709233796,681.941333768889,133.14874883624185,18,0,16,9,16
20,95.55435749708333,479.6728055961111,120.70024104894736,20,0,17,10,18
16,90.72871171293981,903.9378775147222,145.1659387407037,16,0,15,8,16
14,86.94235983425926,427.1654238616667,160.5089720017094,14,0,13,6,14
16,78.36298396296296,434.42135680416663,125.38077434074074,16,0,15,7,16
20,130.45809383555556,890.6748121425,164.78917116070176,20,0,17,10,17
18,76.25024229371527,413.1722654594444,107.6474008852451,18,0,16,8,17
12,41.40125880383102,281.3627442591667,90.33001920835859,12,0,10,5,11
12,61.29612350282407,348.14617973944445,133.73699673343435,12,0,11,5,12
20,136.11420324162037,803.3954691800001,171.93373041046783,20,0,18,10,17
18,104.76166365998843,476.4692555641667,147.89881928468955,18,0,14,8,14
14,56.01859967248843,420.53836755472224,103.4189532415171,14,0,10,6,10
20,119.44439500234954,478.82622086805554,150.87713052928362,20,0,17,10,17
16,100.90410050284723,465.12713873194446,161.44656080455556,16,0,13,7,14
14,92.31163287378473,863.7475784755555,170.42147607467948,14,0,12,7,12
20,83.70992493324074,409.39075356583334,105.73885254725145,20,0,17,10,17
16,50.26153976780093,328.2124467838889,80.41846362848148,16,0,14,7,15
12,48.5391472271875,329.44078540888887,105.90359395022728,12,0,11,5,11
12,49.80226260969908,333.5773605752778,108.65948205752525,12,0,10,5,11
12,55.686376595243054,456.1367299955555,121.49754893507576,12,0,10,5,11
18,137.4853193895023,717.57682078,194.0969214910621,18,0,14,9,14
12,60.1083753368287,442.33265425527776,131.14554618944445,12,0,10,5,11
12,41.82936629530093,242.21021425777778,91.2640719170202,12,0,8,5,9
12,42.614960407604165,230.04817096583332,92.97809543477273,12,0,8,5,9
12,38.642098248796295,272.7833324975,84.31003254282828,12,0,9,5,10
16,118.29709671636573,913.9955554180556,189.2753547461852,16,0,14,8,14
18,65.17337786811342,421.6771960388889,92.0094746373366,18,0,16,9,16
18,107.88768431414353,699.8015257133334,152.31202491408496,18,0,15,9,15
16,67.78313328096066,451.45912467750003,108.45301324953704,16,0,14,7,14
12,54.17015718782408,467.3643473166666,118.18943386434343,12,0,10,5,10
18,97.98519692070602,453.17093021194444,138.33204271158496,18,0,15,9,16
20,115.62224718116899,913.9580134088889,146.04915433410818,20,0,17,10,18
14,49.955967505277776,398.33148882999996,92.22640154820512,14,0,13,6,14
16,70.91224466965278,330.8778094925,113.45959147144444,16,0,15,7,15
20,83.43076398681714,292.3970201822222,105.38622819387426,20,0,18,10,18
20,116.59698644682871,463.5060647733334,147.28040393283626,20,0,18,10,19
18,60.444316286875,324.07187641972223,85.333152405,18,0,15,8,16
14,69.83678530741898,376.7285306547222,128.92944979831196,14,0,9,6,10
16,77.25745084717593,424.0025680986111,123.61192135548148,16,0,14,8,15
14,56.80563817922454,343.5308764825,104.87194740779914,14,0,13,6,13
16,70.80611818182871,432.6813848055556,113.28978909092592,16,0,14,8,15
20,111.7929729725463,780.7025366152777,141.21217638637427,20,0,17,10,18
20,124.84299042655093,442.6221676194445,157.6964089598538,20,0,17,10,17
16,102.07911146393518,524.6602718058333,163.3265783422963,16,0,12,8,12
12,35.744753061296294,229.76032768027778,77.98855213373737,12,0,10,5,11
18,98.86690170219907,483.5922419713889,139.57680240310458,18,0,17,9,18
20,144.85661637709492,929.6379952058334,182.97677858159358,20,0,17,10,17
14,81.26127752252314,898.2472413816666,150.0208200415812,14,0,13,7,13
12,52.30237856121528,472.4547155447222,114.11428049719697,12,0,10,5,11
18,71.86349873688657,370.3674627013889,101.45435115795752,18,0,17,9,18
12,53.68035791656251,306.84244643361114,117.12078090886364,12,0,10,5,11
14,54.832469759548616,325.4659971672222,101.22917494070512,14,0,12,7,13
14,75.90034806164353,419.4898939402778,140.1237194984188,14,0,13,7,14
14,62.89464369601851,384.03734682888893,116.11318836188035,14,0,11,6,12
14,62.78492898722222,365.00327295638886,115.9106381302564,14,0,13,6,13
20,120.0577120186111,939.5425567944445,151.65184676035088,20,0,18,10,19
12,65.02115517456019,455.83905212111114,141.86433856267678,12,0,9,5,10
18,77.03502523833333,284.5628314897222,108.7553297482353,18,0,17,9,18
12,71.40948229541667,463.1811517786111,155.80250682636364,12,0,9,5,10
16,87.11554219769675,450.2950526791667,139.3848675163148,16,0,14,7,15
18,71.8977760019676,305.68461273944445,101.50274259101307,18,0,16,8,16
14,54.952287455231485,479.07133145138886,101.45037684042734,14,0,11,6,11
14,74.15141609118056,383.84956376888886,136.89492201448718,14,0,11,6,12
16,84.71609973,383.5841925588889,135.545759568,16,0,14,7,14
18,102.82103838489583,652.4651665466666,145.1591130139706,18,0,16,9,16
14,53.7062886565162,243.3006609011111,99.15007136587607,14,0,12,6,13
20,132.500152126875,765.5500657216667,167.36861321289473,20,0,19,10,20
20,147.4487648600463,899.3435804827777,186.25107140216375,20,0,19,10,19
12,52.61776308789352,345.6013799247222,114.80239219176768,12,0,9,5,10
20,100.15331316430554,421.5750424244444,126.50944820754385,20,0,18,10,18
20,120.29306265190972,785.6419892144445,151.94913177083333,20,0,18,10,19
20,127.18487089787037,637.0806196738889,160.654573765731,20,0,17,10,18
14,87.72802449074074,825.5686568505555,161.95942982905984,14,0,12,7,12
18,86.0407819749537,397.95256976194446,121.46933925875817,18,0,16,9,16
12,40.94029980528936,365.7379273969445,89.32429048426768,12,0,9,5,9
18,93.87250545693287,462.56380160000003,132.5258900568464,18,0,16,8,17
14,56.162111024525466,374.82776322,103.683897276047,14,0,12,6,12
14,64.6619450719676,321.7065916955556,119.3758985944017,14,0,13,6,13
12,59.34636974106481,450.37923750416667,129.4829885259596,12,0,11,5,12
18,109.4274533142824,797.9671128783334,154.4858164436928,18,0,16,9,16
20,92.28739731746528,396.9168810602778,116.57355450627193,20,0,17,10,18
12,50.84149555233797,302.40532281555556,110.9268993869192,12,0,11,5,12
16,36.22698628784722,174.80832085083333,57.963178060555556,16,0,15,7,16
16,108.04492072079861,437.4976979022222,172.8718731532778,16,0,12,8,13
18,98.39902130769676,445.0748472208333,138.9162653755719,18,0,14,8,15
18,75.73377899761573,432.00811904305556,106.9182762319281,18,0,14,9,15
18,89.55488891319445,467.2650830275,126.43043140686275,18,0,15,8,16
14,36.87498658354167,211.83989876638887,68.07689830807692,14,0,12,6,12
20,96.5042487552199,543.8972091336111,121.90010369080409,20,0,17,10,17
16,73.76304695206018,373.0817173191666,118.02087512329629,16,0,13,7,13
14,61.58810499420138,432.9285993405556,113.70111691237179,14,0,12,6,13
16,64.15439236210648,376.65185013055554,102.64702777937038,16,0,14,7,15
16,75.0027141530324,385.36337180833334,120.00434264485185,16,0,14,8,15
12,58.524324723946755,448.2290851672222,127.68943576133839,12,0,10,5,9
20,97.14328595909721,372.33033392444446,122.70730857991228,20,0,18,10,18
18,72.79673269993056,420.16391757083335,102.77185792931373,18,0,15,8,16
20,124.6397742882639,942.7690278677778,157.4397148904386,20,0,16,10,16
18,117.28482579971065,444.3114320825,165.5785775995915,18,0,17,8,17
16,107.04360823701388,713.3801305469445,171.26977317922223,16,0,13,8,12
14,96.2190404219213,469.8462370636111,177.63515154816238,14,0,12,6,13
18,92.24069489556713,417.6518758630555,130.2221574996242,18,0,16,9,16
14,51.43977336938658,276.2232149961111,94.9657354511752,14,0,13,6,14
14,71.72902089030093,479.6542921680555,132.42280779747864,14,0,11,6,12
14,69.6755573810648,325.9983246941667,128.6317982419658,14,0,12,6,13
14,87.83998224818286,472.6107486177778,162.16612107356838,14,0,12,6,13
20,92.28954624199075,356.3778830522223,116.57626893725147,20,0,17,10,17
12,42.63924526795139,383.088512695,93.03108058462122,12,0,7,5,8
12,50.322732208680556,350.0110756361111,109.79505209166666,12,0,11,5,11
16,66.38731018797453,315.27777497249997,106.21969630075925,16,0,14,7,14
14,74.02201265156249,439.25592129027774,136.65602335673077,14,0,11,6,12
18,93.32026054716435,465.5832442219444,131.74625018423203,18,0,14,8,14
18,71.50266517371527,390.85403617388886,100.94493906877452,18,0,15,8,15
16,96.94122569215278,475.10922976638886,155.10596110744444,16,0,14,7,15
14,67.32613996709492,444.4977508741666,124.29441224694443,14,0,12,6,13
16,73.69529299715278,824.3365145861112,117.91246879544445,16,0,15,8,16
18,91.96881423233796,469.1712083705555,129.83832597506535,18,0,14,9,14
14,50.58625705856482,251.80666721083333,93.39001303119657,14,0,13,6,14
18,67.82985910879628,349.15587238638886,95.75980109477123,18,0,16,9,16
20,103.84067845069445,443.2538496180556,131.16717277982457,20,0,17,10,18
18,100.15801633793981,468.2103892777778,141.3995524770915,18,0,15,8,16
20,68.03546349101852,366.82020559583333,85.93953283076023,20,0,18,10,18
12,53.53505466789352,436.77245949055555,116.8037556390404,12,0,10,5,10
18,79.47996688409722,421.6049167963889,112.20701207166667,18,0,15,8,16
12,66.42456480430556,414.6911312811111,144.92632320939393,12,0,9,5,10
14,59.29161155793982,341.35571983444447,109.46143672235043,14,0,13,6,14
18,98.8695926578588,603.0680648477778,139.58060139933008,18,0,13,9,13
14,48.70427615570602,439.31711943166664,89.91558674899572,14,0,12,6,12
12,37.73322587253472,188.06860254666668,82.32703826734848,12,0,11,5,11
12,33.20237694450231,185.1009392911111,72.44154969709597,12,0,11,5,12
20,112.49017554167824,456.4593828511111,142.0928533158041,20,0,19,10,20
16,73.82864613028936,430.56351375527777,118.12583380846296,16,0,12,7,13
12,61.40020244936343,446.82506856805554,133.96407807133838,12,0,10,5,10
14,68.90799269971065,450.2130472952778,127.21475575331196,14,0,12,6,13
12,38.4598850244213,199.73467340472223,83.91247641691919,12,0,10,5,11
14,69.16386001152777,477.22082236305556,127.68712617512821,14,0,11,6,11
14,46.73707959215278,358.2851730288889,86.28383924705128,14,0,13,6,14
20,116.35615734116898,643.7154444977779,146.97619874673975,20,0,18,10,19
16,91.16629478332176,433.8938003044444,145.8660716533148,16,0,13,8,14
20,124.3657052825926,559.4626511499999,157.0935224622222,20,0,19,10,20
12,53.461850572175926,307.25832414694446,116.6440376120202,12,0,10,5,11
16,85.33074166334491,446.52192973666666,136.52918666135184,16,0,14,7,14
18,119.08656525386574,921.1601427683333,168.1222097701634,18,0,15,9,15
20,99.15818549377316,474.50737311027774,125.25244483423977,20,0,17,10,17
14,70.51627835376156,419.81478184416665,130.18389849925214,14,0,13,6,13
14,73.57106678458334,414.2737449847222,135.82350791,14,0,11,6,12
12,42.012069608402776,234.19507932333335,91.66269732742424,12,0,11,5,11
18,95.27565643960648,449.20279540138887,134.50680909120913,18,0,16,9,16
14,80.40792293715278,468.3131094597222,148.44539619166667,14,0,12,6,13
12,58.719206915034725,377.1839907672222,128.11463326916666,12,0,10,5,11
16,98.96896444798611,621.5125860349999,158.35034311677776,16,0,14,8,15
14,56.17932293788195,450.30519551361107,103.71567311608975,14,0,12,6,12
12,42.68260517238426,350.9298284066666,93.12568401247475,12,0,10,5,11
12,40.10242083143518,231.51760774666667,87.4961909049495,12,0,9,5,10
12,48.35217410858797,377.58148733111113,105.49565260055556,12,0,10,5,11
20,89.16449528148148,484.61292716583336,112.62883614502924,20,0,18,10,19
18,112.31315082953704,952.3885386697223,158.5597423475817,18,0,15,9,15
20,87.52971840886573,359.2596943,110.56385483225147,20,0,18,10,19
16,80.69836473888888,463.23314614,129.11738358222223,16,0,15,8,15
14,54.55011683034722,288.4301662497222,100.70790799448717,14,0,12,7,12
18,95.69692402460647,572.7326024752778,135.10153979944445,18,0,16,9,16
16,74.54656995689814,441.07379345,119.27451193103704,16,0,14,7,15
18,140.41002764479165,917.9320068438889,198.22592138088234,18,0,16,9,16
16,89.0834838879051,461.6946565966666,142.53357422064815,16,0,13,7,14
12,42.52082438810185,221.6201966836111,92.77270775585858,12,0,10,5,10
16,70.92031781047453,424.3176805438889,113.47250849675926,16,0,13,7,14
20,82.84892293288195,305.9004387327778,104.65127107311403,20,0,18,10,18
18,106.56790556699075,465.98364927750004,150.44880785928106,18,0,17,8,18
18,113.0562790551273,699.9337644558334,159.60886454841503,18,0,17,9,17
12,58.703871651342595,348.02943656166667,128.0811745120202,12,0,10,5,10
14,49.283656615752314,408.0085571263889,90.98521221369658,14,0,11,6,12
16,72.40813945070602,435.7588224836111,115.85302312112962,16,0,13,7,14
14,64.08439107880787,466.46825833027776,118.30964506856837,14,0,12,6,12
14,58.910291547650466,216.74885419444442,108.75746131873932,14,0,11,6,12
18,89.49143684337963,528.3570828230555,126.340852014183,18,0,17,9,18
20,94.19577912905093,357.7483668377778,118.98414205774853,20,0,19,10,18
20,85.3316537935301,408.07860408805556,107.78735216024855,20,0,18,10,17
16,107.56999558568288,444.1518721811111,172.1119929370926,16,0,15,7,16
14,54.481157020868054,374.5552512572222,100.58059757698719,14,0,12,6,12
18,109.8562990436227,744.7358596055554,155.09124570864378,18,0,15,9,14
14,62.245164150706024,320.3984779252778,114.91414920130342,14,0,12,6,13
18,98.08502750643518,558.9484683747222,138.47298000908498,18,0,17,9,16
14,68.8242695633102,378.4925140516667,127.06018996303419,14,0,13,6,13
18,99.93223794497685,763.7738011244444,141.08080651055556,18,0,14,9,14
12,44.98122928917824,371.57357129916664,98.14086390366161,12,0,10,5,11
18,111.48970035681712,812.4209869466666,157.3972240331536,18,0,16,9,16
16,82.14309690956019,364.9285277225,131.4289550552963,16,0,14,7,14
14,52.42121712689815,379.43522723055554,96.77763161888889,14,0,12,6,13
20,123.84872043094909,794.8658054530556,156.44048896540937,20,0,17,10,18
12,49.53133245849537,295.8692465266667,108.06836172762627,12,0,9,5,10
12,30.6324808146875,270.000564545,66.83450359568181,12,0,11,5,12
18,96.17237434515046,402.97674540055556,135.77276378138887,18,0,17,8,18
16,79.46772765568288,374.44104029694444,127.1483642490926,16,0,14,7,15
18,67.17546237010417,379.6515880613889,94.83594687544118,18,0,13,8,14
18,72.98442387445603,399.0332105836111,103.03683370511438,18,0,16,8,17
12,57.89259831490741,239.43964181277778,126.31112359616162,12,0,11,5,12
18,86.19234702225695,374.4866793894444,121.68331344318626,18,0,17,8,18
16,67.43465913092592,343.3041052586111,107.89545460948148,16,0,12,7,12
12,39.65898444231482,180.33624239583335,86.52869332868687,12,0,11,5,12
16,82.15870584767362,471.7966160033333,131.45392935627777,16,0,12,7,12
16,77.04804441865741,441.97438871833333,123.27687106985185,16,0,14,7,15
20,109.9192974559838,884.9561651063889,138.84542836545322,20,0,17,10,17
14,54.31248087873843,457.29533791138886,100.26919546844016,14,0,12,6,13
12,59.16390407439815,455.7505079886111,129.0848816168687,12,0,10,5,10
16,55.22582407840277,321.4202731122222,88.36131852544445,16,0,13,7,14
14,67.68371129871528,443.5983356922222,124.95454393608973,14,0,11,6,12
18,123.35512399609954,863.9072445438889,174.14841034743463,18,0,16,9,16
12,55.37624262097223,471.8085953394445,120.82089299121212,12,0,11,5,10
14,47.94715803671296,313.4569900852778,88.51783022162394,14,0,11,6,12
20,117.84415425773147,739.8017238861112,148.85577379923976,20,0,18,10,19
18,90.07081302107639,532.0257730102778,127.15879485328432,18,0,17,9,17
16,52.915140414143515,231.91011576222223,84.66422466262964,16,0,14,7,15
14,55.09257603010417,289.2019464525,101.7093711325,14,0,12,6,12
18,116.16629922878471,864.7878090913889,163.99948126416666,18,0,16,9,17
18,115.55170825129629,935.5897664686112,163.1318234135948,18,0,16,9,17
20,120.7311685872338,896.7640234625001,152.502528741769,20,0,16,10,17
18,105.11048575075232,454.8628220188889,148.3912740010621,18,0,16,9,15
20,99.73682019784724,706.5019115363889,125.98335182885964,20,0,19,10,19
16,68.54096276274305,327.0762730361111,109.6655404203889,16,0,13,8,14
12,49.97696908028935,429.26732839194443,109.04065981154041,12,0,10,5,11
18,94.1267767799074,442.43724313722225,132.88486133633987,18,0,16,9,16
14,59.214555768773145,410.0209240638889,109.31917988081197,14,0,12,6,12
14,85.81589335421296,797.1987266752778,158.42934157700856,14,0,11,7,12
14,60.28078285611111,271.24742775166663,111.28759911897436,14,0,12,6,13
12,57.243384140671296,390.8654573202778,124.89465630691919,12,0,9,5,10
14,48.99536477074074,260.28683033694443,90.45298111521367,14,0,12,6,13
16,66.55896764858797,459.15604497694443,106.49434823774074,16,0,15,7,16
16,63.356350412164346,254.2713997713889,101.37016065946297,16,0,13,7,14
20,129.79828214415508,774.9268312552779,163.9557248136696,20,0,17,10,18
16,93.47650138967593,422.18884890805555,149.56240222348148,16,0,15,7,16
14,70.45530525203704,468.43542498694444,130.07133277299144,14,0,12,7,12
14,51.5928652990162,334.72350864472224,95.24836670587607,14,0,12,6,13
18,85.54245822049769,346.3483892055556,120.76582337011438,18,0,16,9,16
14,50.24383401320601,324.74122378666664,92.75784740899573,14,0,11,6,12
14,79.4542303449074,341.54886185472225,146.68473294444445,14,0,13,7,12
14,83.23484299107639,457.0005527055556,153.6643255219872,14,0,10,6,11
14,62.00977650410879,565.2295858111111,114.47958739220086,14,0,12,7,13
18,100.42046638987269,455.1264979830556,141.7700701974673,18,0,16,8,17
12,60.81083318070603,391.85747617833334,132.67818148517676,12,0,9,5,10
