Research_ID,Canonical_English_Text,True_Label,Predicted_Label,Source_Group_ID,Fold,prob_Administrative___Procedural___Integrity,prob_Lease_Revenue___Payment___Enforcement,prob_Protected___Environmental_Lease_Misuse,prob_Unauthorized_Allocation___Transfer___Use
STATE-LEASE-001,Allegation that state land obtained on a 99-year lease for cultivation was subdivided and sold to a private property company.,Unauthorized Allocation / Transfer / Use,Unauthorized Allocation / Transfer / Use,https://srilankamirror.com/biz/prime-lands-the-few-nawala-property-under-ciaboc-scrutiny/,3,0.2366,0.1952,0.1885,0.3797
STATE-LEASE-002,Allegation that government suffered a loss of approximately LKR 29 million when the land was leased in breach of procurement requirements.,Administrative / Procedural / Integrity,Unauthorized Allocation / Transfer / Use,https://ciaboc.gov.lk/media-centre/latest-news/1519-former-uda-director-general-and-former-director-lands-arrested-on-corruption-allegations,2,0.2567,0.2411,0.2139,0.2883
STATE-LEASE-003,Allegation that National Housing Development Authority land was leased at a very low rent without Cabinet approval.,Lease Revenue / Payment / Enforcement,Unauthorized Allocation / Transfer / Use,https://www.parliament.lk/en/home/parliament-news/view/5287,3,0.2409,0.218,0.1934,0.3476
STATE-LEASE-004,Allegation that protected land was supported by forged deeds and leased to private companies for filling or reclamation.,Administrative / Procedural / Integrity,Protected / Environmental Lease Misuse,UNIQUE-STATE-LEASE-004,1,0.2006,0.1583,0.3466,0.2945
STATE-LEASE-005,Allegation that commercial stalls built on state land were leased at low rates mainly to politically connected parties.,Unauthorized Allocation / Transfer / Use,Unauthorized Allocation / Transfer / Use,UNIQUE-STATE-LEASE-005,1,0.2053,0.2038,0.2516,0.3393
STATE-LEASE-006,Allegation that state land around the Sri Dalada Maligawa historic precinct was allocated for commercial activities without required approval.,Administrative / Procedural / Integrity,Protected / Environmental Lease Misuse,UNIQUE-STATE-LEASE-006,4,0.2501,0.1444,0.3048,0.3006
STATE-LEASE-007,Allegation that a public official accepted a bribe in connection with leasing government land for gem-mining activities.,Administrative / Procedural / Integrity,Protected / Environmental Lease Misuse,UNIQUE-STATE-LEASE-007,4,0.2449,0.241,0.2782,0.2358
STATE-LEASE-008,Allegation that officials concealed the failure of companies leasing government land to pay lease rentals for several years.,Lease Revenue / Payment / Enforcement,Administrative / Procedural / Integrity,UNIQUE-STATE-LEASE-008,1,0.305,0.2701,0.1784,0.2465
STATE-LEASE-009,Allegation that Land Reform Commission land was illegally subdivided and leased.,Unauthorized Allocation / Transfer / Use,Protected / Environmental Lease Misuse,UNIQUE-STATE-LEASE-009,2,0.2055,0.19,0.342,0.2624
STATE-LEASE-010,Allegation that government land reserved for cultivation was secretly leased for commercial buildings.,Unauthorized Allocation / Transfer / Use,Unauthorized Allocation / Transfer / Use,UNIQUE-STATE-LEASE-010,3,0.2162,0.197,0.2049,0.382
STATE-LEASE-011,Allegation that parcels of government land were sold to private entrepreneurs under fraudulent lease-right claims.,Unauthorized Allocation / Transfer / Use,Unauthorized Allocation / Transfer / Use,UNIQUE-STATE-LEASE-011,5,0.2635,0.2054,0.2288,0.3023
STATE-LEASE-012,Allegation that Mahaweli land was transferred to businesses using fraudulent lease permits.,Administrative / Procedural / Integrity,Unauthorized Allocation / Transfer / Use,UNIQUE-STATE-LEASE-012,2,0.2174,0.1946,0.2828,0.3052
STATE-LEASE-013,Allegation that forest-reserve land was made available for hotels using fraudulent lease agreements.,Protected / Environmental Lease Misuse,Administrative / Procedural / Integrity,UNIQUE-STATE-LEASE-013,4,0.3204,0.2188,0.2492,0.2116
STATE-LEASE-014,Allegation that state land in a coastal area was illegally granted to foreign parties on long-term leases.,Protected / Environmental Lease Misuse,Unauthorized Allocation / Transfer / Use,UNIQUE-STATE-LEASE-014,3,0.2203,0.1839,0.2844,0.3115
STATE-LEASE-015,Allegation that land associated with a wildlife zone was secretly leased for tourist-resort development.,Protected / Environmental Lease Misuse,Protected / Environmental Lease Misuse,UNIQUE-STATE-LEASE-015,3,0.2137,0.1743,0.3491,0.263
STATE-LEASE-016,Allegation that state riverbank land was illegally leased for tourism or recreational activities.,Protected / Environmental Lease Misuse,Protected / Environmental Lease Misuse,UNIQUE-STATE-LEASE-016,5,0.2404,0.1728,0.3111,0.2757
STATE-LEASE-017,Allegation that state revenue was substantially understated or reduced in the leasing of islands for tourism projects.,Lease Revenue / Payment / Enforcement,Protected / Environmental Lease Misuse,UNIQUE-STATE-LEASE-017,4,0.273,0.1827,0.2951,0.2492
STATE-LEASE-018,Allegation that land in a protected area around the natural harbour was leased for private warehouse use.,Protected / Environmental Lease Misuse,Protected / Environmental Lease Misuse,UNIQUE-STATE-LEASE-018,2,0.1705,0.1696,0.3866,0.2732
STATE-LEASE-019,Allegation that wetlands used by migratory birds were leased for shrimp-farming operations.,Protected / Environmental Lease Misuse,Unauthorized Allocation / Transfer / Use,UNIQUE-STATE-LEASE-019,3,0.2166,0.1727,0.2524,0.3584
STATE-LEASE-020,Allegation that state land near the Kelani River was illegally leased for soil and clay excavation.,Protected / Environmental Lease Misuse,Protected / Environmental Lease Misuse,UNIQUE-STATE-LEASE-020,5,0.2073,0.1675,0.3561,0.2691
STATE-LEASE-021,Allegation of illegal soil excavation on government leasehold land allocated to an industrial facility.,Protected / Environmental Lease Misuse,Protected / Environmental Lease Misuse,UNIQUE-STATE-LEASE-021,1,0.2349,0.1922,0.3129,0.26
STATE-LEASE-022,Allegation that valuable municipal land was leased at a very low rent to a private commercial complex.,Unauthorized Allocation / Transfer / Use,Unauthorized Allocation / Transfer / Use,UNIQUE-STATE-LEASE-022,4,0.1849,0.2763,0.1857,0.3531
STATE-LEASE-023,Allegation that archaeological-reserve land was occupied on the stated basis of agricultural use.,Protected / Environmental Lease Misuse,Protected / Environmental Lease Misuse,UNIQUE-STATE-LEASE-023,2,0.2166,0.2131,0.3131,0.2572
STATE-LEASE-024,Allegation that state land reserved for pilgrim accommodation was leased to private traders.,Unauthorized Allocation / Transfer / Use,Unauthorized Allocation / Transfer / Use,UNIQUE-STATE-LEASE-024,5,0.2203,0.1729,0.2514,0.3554
STATE-LEASE-025,Allegation that riverbank state land was improperly leased through a local authority for sand-storage activities.,Protected / Environmental Lease Misuse,Protected / Environmental Lease Misuse,UNIQUE-STATE-LEASE-025,3,0.2543,0.1787,0.2908,0.2762
STATE-LEASE-026,"Allegation that state land within a sacred-area boundary was leased, under political influence, for unauthorized commercial stalls.",Unauthorized Allocation / Transfer / Use,Protected / Environmental Lease Misuse,UNIQUE-STATE-LEASE-026,1,0.1539,0.1319,0.4709,0.2433
STATE-LEASE-027,"COPE reported that the 6-acre UDA land was leased for 99 years in 2019 without Board approval, and that additional conditions not approved by the Board were included in the lease agreement.",Administrative / Procedural / Integrity,Unauthorized Allocation / Transfer / Use,https://www.parliament.lk/en/home/parliament-news/view/4148,5,0.2902,0.2305,0.1809,0.2984
STATE-LEASE-028,COPE reported a government loss of Rs. 330 million from leasing UDA land bordering D. R. Wijewardena Mawatha without formal Board approval.,Administrative / Procedural / Integrity,Administrative / Procedural / Integrity,https://www.parliament.lk/en/home/parliament-news/view/4148,5,0.3516,0.2539,0.157,0.2376
STATE-LEASE-029,"Audit reported that land enjoyment was transferred in 2003 outside the normal leasing procedure, later passed to another company without Commission approval; arrears, a released surcharge, and a questionable reduction in assessed lease value were also recorded.",Unauthorized Allocation / Transfer / Use,Lease Revenue / Payment / Enforcement,https://auditorgeneral.gov.lk/web/images/audit-reports/upload/2017/State_Corp/Land-Reform-Commission---E.pdf,4,0.2791,0.2802,0.1606,0.2801
STATE-LEASE-030,"Audit found that lease agreements had not been signed for land leased to four institutions, lease receivables from 2008 had not been collected, and the receivable could not be computed without agreements.",Lease Revenue / Payment / Enforcement,Administrative / Procedural / Integrity,https://auditorgeneral.gov.lk/web/images/audit-reports/upload/2019/state_corporation/2-xxi/Land-Reform-Commission---2019---E.pdf,5,0.2779,0.2379,0.2244,0.2598
STATE-LEASE-031,"Audit reported that multiple land plots had been used by a company without any amount recovered from Rs. 32,475,109 in lease rent due as at 31 December 2022, and no lease agreement had been entered into.",Lease Revenue / Payment / Enforcement,Lease Revenue / Payment / Enforcement,https://auditorgeneral.gov.lk/web/images/audit-reports/upload/2022/statecorperation/2-xxvi/Land-Reform-Commission--E.pdf,2,0.2809,0.4102,0.1451,0.1638
STATE-LEASE-032,"Audit reported that 10 acres approved for tea cultivation had no lease rent paid since 2011, no formal agreement, and Rs. 1,824,000 outstanding as at the end of 2022.",Lease Revenue / Payment / Enforcement,Lease Revenue / Payment / Enforcement,https://auditorgeneral.gov.lk/web/images/audit-reports/upload/2022/statecorperation/2-xxvi/Land-Reform-Commission--E.pdf,2,0.3074,0.348,0.1532,0.1914
STATE-LEASE-033,"Audit reported that a private party had informally used leased land from 2008 without approval, agreement or payment, with Rs. 18,403,926 recorded as rent due through 2023.",Unauthorized Allocation / Transfer / Use,Unauthorized Allocation / Transfer / Use,https://auditorgeneral.gov.lk/web/images/audit-reports/upload/2023/State-Corporations/2-XXIII/Land-Reform-Commission--E.pdf,2,0.2392,0.2968,0.1545,0.3094
STATE-LEASE-034,"Audit reported Rs. 5.59 million in lease rent receivable 13 years after a lease for a rocky land plot, with the intended activity not completed and enforcement action delayed.",Lease Revenue / Payment / Enforcement,Lease Revenue / Payment / Enforcement,https://auditorgeneral.gov.lk/web/images/audit-reports/upload/2024/2-State_Corporations/2-XIII/Land--Reform--Commission--E.pdf,4,0.2377,0.4736,0.1256,0.1631
STATE-LEASE-035,"Audit reported that a 30-year residential lease granted in June 2012 had received no lease payments after 11 years, with Rs. 216,960 due.",Lease Revenue / Payment / Enforcement,Lease Revenue / Payment / Enforcement,https://auditorgeneral.gov.lk/web/images/audit-reports/upload/2023/min_dep/1-xi/Head286Land-Commissioner-Generals-DepartmentE.pdf,3,0.2689,0.3148,0.1455,0.2708
STATE-LEASE-036,"Audit reported that a commercial lease running from 2004 had accumulated Rs. 1,069,140 in unpaid lease amounts through 31 December 2023.",Lease Revenue / Payment / Enforcement,Lease Revenue / Payment / Enforcement,https://auditorgeneral.gov.lk/web/images/audit-reports/upload/2023/min_dep/1-xi/Head286Land-Commissioner-Generals-DepartmentE.pdf,3,0.2657,0.369,0.1497,0.2155
STATE-LEASE-037,A UDA land parcel approved for a 99-year mixed-development lease was later set for a fresh procurement process after the selected investor failed to meet transfer conditions and the earlier lease process was cancelled.,Administrative / Procedural / Integrity,Administrative / Procedural / Integrity,https://www.cabinetoffice.gov.lk/cab/index.php?Itemid=49&dID=13608&id=16&lang=en&option=com_content&view=article,3,0.3673,0.2107,0.2126,0.2095
STATE-LEASE-038,"The Otters Aquatic Club occupied government land in Colombo 07 under a lease that expired, while lease arrears of about Rs. 31 million were reported. The Divisional Secretary issued eviction/vacate directions after the arrears were not fully settled and the lease was not renewed.",Lease Revenue / Payment / Enforcement,Lease Revenue / Payment / Enforcement,https://www.dailymirror.lk/print/news-features/Otters-landed/131-194219,2,0.2308,0.4218,0.1662,0.1812
STATE-LEASE-039,"The Government took over the land and building occupied by the 80 Club at Independence Avenue, Colombo 07 after reported violations including non-payment of lease arrears. The Thimbirigasyaya Divisional Secretary stated that the property was government-owned and was taken back in November 2020.",Lease Revenue / Payment / Enforcement,Lease Revenue / Payment / Enforcement,https://www.dailymirror.lk/breaking-news/80-Club-land-and-building-taken-over-by-Govt-Divisional-Secretary/108-200214,5,0.2379,0.3564,0.1916,0.2141
STATE-LEASE-040,"Public reporting documented allegations that government forest land in the Wandama–Demaliya–Kuda Oya area was leased by an official attached to the Buttala Divisional Secretariat to companies and businessmen despite the land's forest/protected character, prompting government and parliamentary scrutiny.",Protected / Environmental Lease Misuse,Protected / Environmental Lease Misuse,https://www.dailymirror.lk/news-features/Spotlight-on-Wandama-Demaliya-Forest-Govt-circular-puts-land-sale-project-inside-reserve-on-hold/131-305210,1,0.2418,0.2067,0.3019,0.2496
STATE-LEASE-041,"The Auditor General reported that Sri Lanka Railways owns the land rights of nine CPSTL sub-depots. The lease agreement for those lands expired on 31 December 2013, but CPSTL continued using them without renewing the agreement or entering into a new lease agreement.",Administrative / Procedural / Integrity,Administrative / Procedural / Integrity,https://auditorgeneral.gov.lk/web/images/audit-reports/upload/2023/Annual_report_2023/Annual-Report-2023-English-2024.12.24.pdf,5,0.3609,0.2822,0.1492,0.2077
STATE-LEASE-042,"The Auditor General reported that SLTDA had received 2,056.73 acres across 12 Kalpitiya islands as free grants for tourism, of which 668.69 acres in 10 islands had been leased to seven companies during 2010, 2011, 2020 and 2022; none of those companies had commenced operations by the end of the audit period.",Administrative / Procedural / Integrity,Lease Revenue / Payment / Enforcement,https://auditorgeneral.gov.lk/web/images/audit-reports/upload/2023/State-Corporations/2-xix/Sri-Lanka-Tourism-Development-Authority--E.pdf,2,0.2757,0.3427,0.1946,0.187
STATE-LEASE-043,"The Auditor General reported that 510.086 acres at Kuchchaveli had been taken over for tourism development. By 2020–2021, three companies had received leases totaling 49 acres, but only one of those three was operating by the end of the audit period; additional lease agreements and approvals were also in progress.",Administrative / Procedural / Integrity,Lease Revenue / Payment / Enforcement,https://auditorgeneral.gov.lk/web/images/audit-reports/upload/2023/State-Corporations/2-xix/Sri-Lanka-Tourism-Development-Authority--E.pdf,2,0.2947,0.3249,0.2025,0.1779
STATE-LEASE-044,"Glen Alpin Estate / Sri Kali Amman Kovil, Hali-Ela was identified in official audit/report material as a government/state land lease case involving lease rent non-payment / enforcement failure. The Land Commissioner has confirmed that this is a genuine, direct, distinct state-land lease incident. File-level details should be retained from the Commissioner's records when available.",Lease Revenue / Payment / Enforcement,Lease Revenue / Payment / Enforcement,https://auditorgeneral.gov.lk/web/images/audit-reports/upload/2021/state_corporation/2-XXXIII/Land-Reform-Commission--E.pdf,3,0.3841,0.4565,0.0793,0.0801
STATE-LEASE-045,"Kotagalawatta / Preethipura Children’s Orphanage, Mawanella was identified in official audit/report material as a government/state land lease case involving expired lease / arrears / continued occupation. The Land Commissioner has confirmed that this is a genuine, direct, distinct state-land lease incident. File-level details should be retained from the Commissioner's records when available.",Lease Revenue / Payment / Enforcement,Lease Revenue / Payment / Enforcement,https://auditorgeneral.gov.lk/web/images/audit-reports/upload/2021/state_corporation/2-XXXIII/Land-Reform-Commission--E.pdf,3,0.3821,0.4416,0.0855,0.0907
STATE-LEASE-046,"Kirimuttiwatta, Batticaloa was identified in official audit/report material as a government/state land lease case involving lease non-performance / arrears / surrender issue. The Land Commissioner has confirmed that this is a genuine, direct, distinct state-land lease incident. File-level details should be retained from the Commissioner's records when available.",Lease Revenue / Payment / Enforcement,Administrative / Procedural / Integrity,https://auditorgeneral.gov.lk/web/images/audit-reports/upload/2021/state_corporation/2-XXXIII/Land-Reform-Commission--E.pdf,3,0.4212,0.3979,0.0912,0.0897
STATE-LEASE-047,"Akurambodawatta, Pallepola was identified in official audit/report material as a government/state land lease case involving lease arrears / revocation or disposal decision. The Land Commissioner has confirmed that this is a genuine, direct, distinct state-land lease incident. File-level details should be retained from the Commissioner's records when available.",Lease Revenue / Payment / Enforcement,Administrative / Procedural / Integrity,https://auditorgeneral.gov.lk/web/images/audit-reports/upload/2021/state_corporation/2-XXXIII/Land-Reform-Commission--E.pdf,3,0.4424,0.3857,0.0869,0.085
STATE-LEASE-048,"Kalawilawatta, Kalutara was identified in official audit/report material as a government/state land lease case involving long-term lease arrears / weak enforcement. The Land Commissioner has confirmed that this is a genuine, direct, distinct state-land lease incident. File-level details should be retained from the Commissioner's records when available.",Lease Revenue / Payment / Enforcement,Lease Revenue / Payment / Enforcement,https://auditorgeneral.gov.lk/web/images/audit-reports/upload/2021/state_corporation/2-XXXIII/Land-Reform-Commission--E.pdf,3,0.389,0.4214,0.0891,0.1006
STATE-LEASE-049,"Gartland Estate, Kurunegala was identified in official audit/report material as a government/state land lease case involving lease-rent accounting / delayed recovery. The Land Commissioner has confirmed that this is a genuine, direct, distinct state-land lease incident. File-level details should be retained from the Commissioner's records when available.",Lease Revenue / Payment / Enforcement,Lease Revenue / Payment / Enforcement,https://auditorgeneral.gov.lk/web/images/audit-reports/upload/2022/statecorperation/2-xxvi/Land-Reform-Commission--E.pdf,2,0.2932,0.5489,0.067,0.0909
STATE-LEASE-050,"Hawanilawatta was identified in official audit/report material as a government/state land lease case involving lease-rent accounting / delayed recovery. The Land Commissioner has confirmed that this is a genuine, direct, distinct state-land lease incident. File-level details should be retained from the Commissioner's records when available.",Lease Revenue / Payment / Enforcement,Lease Revenue / Payment / Enforcement,https://auditorgeneral.gov.lk/web/images/audit-reports/upload/2022/statecorperation/2-xxvi/Land-Reform-Commission--E.pdf,2,0.2946,0.5486,0.0663,0.0905
STATE-LEASE-051,"Uranikadu, Pottuvil, Ampara was identified in official audit/report material as a government/state land lease case involving tourism lease administration / revenue recognition. The Land Commissioner has confirmed that this is a genuine, direct, distinct state-land lease incident. File-level details should be retained from the Commissioner's records when available.",Administrative / Procedural / Integrity,Lease Revenue / Payment / Enforcement,https://auditorgeneral.gov.lk/web/images/audit-reports/upload/2022/statecorperation/2-xxvi/Land-Reform-Commission--E.pdf,2,0.3392,0.4604,0.0926,0.1078
STATE-LEASE-052,"Serapis Estate, Kurunegala was identified in official audit/report material as a government/state land lease case involving lease-rent understatement / recovery. The Land Commissioner has confirmed that this is a genuine, direct, distinct state-land lease incident. File-level details should be retained from the Commissioner's records when available.",Lease Revenue / Payment / Enforcement,Lease Revenue / Payment / Enforcement,https://auditorgeneral.gov.lk/web/images/audit-reports/upload/2023/State-Corporations/2-XXIII/Land-Reform-Commission--E.pdf,2,0.3062,0.5336,0.0676,0.0926
STATE-LEASE-053,"Jakotuwa Watta, Wellampitiya / Kolonnawa was identified in official audit/report material as a government/state land lease case involving lease valuation / recovery / litigation. The Land Commissioner has confirmed that this is a genuine, direct, distinct state-land lease incident. File-level details should be retained from the Commissioner's records when available.",Lease Revenue / Payment / Enforcement,Lease Revenue / Payment / Enforcement,https://auditorgeneral.gov.lk/web/images/audit-reports/upload/2024/2-State_Corporations/2-XIII/Land--Reform--Commission--E.pdf,4,0.2147,0.6043,0.0762,0.1048
STATE-LEASE-054,"Monarakelewatta — 280 acres was identified in official audit/report material as a government/state land lease case involving lease without proper approval / failure to recover lease. The Land Commissioner has confirmed that this is a genuine, direct, distinct state-land lease incident. File-level details should be retained from the Commissioner's records when available.",Administrative / Procedural / Integrity,Lease Revenue / Payment / Enforcement,https://auditorgeneral.gov.lk/web/images/audit-reports/upload/2019/state_corporation/2-xxi/Land-Reform-Commission---2019---E.pdf,5,0.3355,0.4971,0.0703,0.0971
STATE-LEASE-055,"Maddey Gedharawatta, Kalutara — 50 acres was identified in official audit/report material as a government/state land lease case involving lease without cabinet approval / valuation-recovery issue. The Land Commissioner has confirmed that this is a genuine, direct, distinct state-land lease incident. File-level details should be retained from the Commissioner's records when available.",Lease Revenue / Payment / Enforcement,Lease Revenue / Payment / Enforcement,https://www.sundaytimes.lk/191117/business-times/government-incurs-heavy-losses-in-state-land-lease-deals-377989.html,4,0.2367,0.565,0.0831,0.1152
STATE-LEASE-056,"Olabotuwa granite land was identified in official audit/report material as a government/state land lease case involving lease without formal agreement. The Land Commissioner has confirmed that this is a genuine, direct, distinct state-land lease incident. File-level details should be retained from the Commissioner's records when available.",Administrative / Procedural / Integrity,Lease Revenue / Payment / Enforcement,https://www.sundaytimes.lk/191117/business-times/government-incurs-heavy-losses-in-state-land-lease-deals-377989.html,4,0.2312,0.5675,0.08,0.1213
STATE-LEASE-057,"Yahalakelle granite land was identified in official audit/report material as a government/state land lease case involving lease without formal agreement. The Land Commissioner has confirmed that this is a genuine, direct, distinct state-land lease incident. File-level details should be retained from the Commissioner's records when available.",Administrative / Procedural / Integrity,Lease Revenue / Payment / Enforcement,https://www.sundaytimes.lk/191117/business-times/government-incurs-heavy-losses-in-state-land-lease-deals-377989.html,4,0.2312,0.5675,0.08,0.1213
STATE-LEASE-058,"Ingiriya granite land was identified in official audit/report material as a government/state land lease case involving lease without formal agreement. The Land Commissioner has confirmed that this is a genuine, direct, distinct state-land lease incident. File-level details should be retained from the Commissioner's records when available.",Administrative / Procedural / Integrity,Lease Revenue / Payment / Enforcement,https://www.sundaytimes.lk/191117/business-times/government-incurs-heavy-losses-in-state-land-lease-deals-377989.html,4,0.2312,0.5675,0.08,0.1213
STATE-LEASE-059,"Puttalam prawn-cultivation lands — 173 acres was identified in official audit/report material as a government/state land lease case involving lease granted without proper permission. The Land Commissioner has confirmed that this is a genuine, direct, distinct state-land lease incident. File-level details should be retained from the Commissioner's records when available.",Administrative / Procedural / Integrity,Lease Revenue / Payment / Enforcement,https://www.sundaytimes.lk/191117/business-times/government-incurs-heavy-losses-in-state-land-lease-deals-377989.html,4,0.2483,0.5178,0.0887,0.1452
STATE-LEASE-060,"Bollachchadeniya / Sri Lanka Cricket Institute lease was identified in official audit/report material as a government/state land lease case involving 30-year leasehold not completed / procedural failure. The Land Commissioner has confirmed that this is a genuine, direct, distinct state-land lease incident. File-level details should be retained from the Commissioner's records when available.",Administrative / Procedural / Integrity,Administrative / Procedural / Integrity,https://auditorgeneral.gov.lk/web/images/audit-reports/upload/2023/min_dep/1-xi/Head286Land-Commissioner-Generals-DepartmentE.pdf,3,0.4718,0.3336,0.0969,0.0976
STATE-LEASE-061,"Hasalaka parcel No. 549, Minipe was identified in official audit/report material as a government/state land lease case involving lease arrears / missing or incomplete leasehold action. The Land Commissioner has confirmed that this is a genuine, direct, distinct state-land lease incident. File-level details should be retained from the Commissioner's records when available.",Lease Revenue / Payment / Enforcement,Administrative / Procedural / Integrity,https://auditorgeneral.gov.lk/web/images/audit-reports/upload/2023/min_dep/1-xi/Head286Land-Commissioner-Generals-DepartmentE.pdf,3,0.4221,0.3873,0.0972,0.0934
STATE-LEASE-062,"Udatthawa village parcel No. 814, Minipe was identified in official audit/report material as a government/state land lease case involving sublease / arrears / enforcement. The Land Commissioner has confirmed that this is a genuine, direct, distinct state-land lease incident. File-level details should be retained from the Commissioner's records when available.",Unauthorized Allocation / Transfer / Use,Administrative / Procedural / Integrity,https://auditorgeneral.gov.lk/web/images/audit-reports/upload/2023/min_dep/1-xi/Head286Land-Commissioner-Generals-DepartmentE.pdf,3,0.4181,0.3909,0.0931,0.0978
WEB-063,"The Auditor General reported that the Transworks Square land in Colombo Fort was leased to a locally incorporated foreign private company through four agreements between 2013 and 2016 for Rs. 4,999.7 million for a mixed-development project. The project was expected to be completed by 2021, but by the end of 2024 only the structural framework for 60 of the planned 81 floors had been completed. An expected Rs. 1,290.04 million difference between the lease value and market value had not been recovered because the development project remained suspended.",Administrative / Procedural / Integrity,Lease Revenue / Payment / Enforcement,https://auditorgeneral.gov.lk/web/images/audit-reports/upload/2024/Annual_Report/Annual-Report-2024-English-Web_compressed.pdf,1,0.2846,0.2945,0.1935,0.2274
WEB-064,"The Auditor General reported that land at Pitipana, Homagama was acquired on a thirty-year lease on 30 April 2014 for Rs. 4.08 million after UDA approval for a rehabilitation and treatment centre. The land had not been used for the approved purpose and remained idle for ten years, while action was still being taken to obtain the indenture of lease.",Administrative / Procedural / Integrity,Administrative / Procedural / Integrity,https://auditorgeneral.gov.lk/web/images/audit-reports/upload/2024/Annual_Report/Annual-Report-2024-English-Web_compressed.pdf,1,0.3433,0.2631,0.1565,0.2371
WEB-065,"The Auditor General reported that the Board of Investment allocated an 8-by-8-foot space from the service area next to the Kandy Industrial Park office building for a Bank of Ceylon generator room without entering into an agreement. As a result, rent had not been determined or charged for the allocated space.",Administrative / Procedural / Integrity,Administrative / Procedural / Integrity,https://auditorgeneral.gov.lk/web/images/audit-reports/upload/2023/State-Corporations/2-XXXIV/Board-of-Investment-of-Sri-Lanka--E.pdf,1,0.351,0.2391,0.2002,0.2097
WEB-066,"The Auditor General reported that the Board of Investment leased 16 acres in the Katunayake Export Processing Zone to the Free Trade Zone Sports Association under an agreement dated 27 September 1988. The rent remained Rs. 200 per acre per year until September 2018, and the Board proposed an increase to Rs. 1,000 per acre for 30 years without obtaining an independent valuer's report. The Board had also spent Rs. 2.5 million to rehabilitate the ground while earning only Rs. 16,000 per year from the land.",Lease Revenue / Payment / Enforcement,Administrative / Procedural / Integrity,https://auditorgeneral.gov.lk/web/images/audit-reports/upload/2023/State-Corporations/2-XXXIV/Board-of-Investment-of-Sri-Lanka--E.pdf,1,0.3507,0.2803,0.1611,0.2079
WEB-067,"The Auditor General reported that a Battaramulla land parcel provided for the Water Resources Board had an annual government-assessed rent of Rs. 2.7 million, but a formal lease agreement with the Urban Development Authority had still not been signed. The Board had paid about Rs. 27.97 million in rent from 2016 to the end of 2024 and had sub-leased the land to the Sri Lanka Bureau of Foreign Employment from August 2023 at a monthly rent of Rs. 460,000.",Administrative / Procedural / Integrity,Administrative / Procedural / Integrity,https://auditorgeneral.gov.lk/web/images/audit-reports/upload/2024/2-State_Corporations/2-XXVI/Water-Resource-BoardE.pdf,4,0.3501,0.3106,0.1456,0.1938
WEB-068,"The Auditor General reported that the Chamber of Construction Industry obtained 30 perches of land from the Urban Development Authority under a 30-year lease agreement signed on 29 December 2021 at an annual rent of Rs. 1.68 million. The lease required a new secretariat building to be constructed within two years, but construction had not commenced by 31 May 2023.",Administrative / Procedural / Integrity,Lease Revenue / Payment / Enforcement,https://auditorgeneral.gov.lk/web/images/audit-reports/upload/2022/statecorperation/2-xxvi/Chamber-of-Construction-Industry-of-Sri-Lanka--E.pdf,4,0.2996,0.3541,0.1343,0.212
WEB-069,"The Auditor General reported that Waters Edge earned Rs. 10,719,033 in annual rent from LALA Park, but a lease agreement for the underlying land had not been signed with the lessor. Management stated that the arrangement was being negotiated with the parent company, the Urban Development Authority, to execute the land lease.",Administrative / Procedural / Integrity,Lease Revenue / Payment / Enforcement,https://auditorgeneral.gov.lk/web/images/audit-reports/upload/2022/companies/9-XXXVII/Waters-Edge-Limited-and-its-subsidiaries--E.pdf,1,0.294,0.3084,0.1352,0.2624
WEB-070,"The Auditor General reported that 100 acres of government land in the Kusala Grama Niladhari Division of Arachchikattu had been leased to a private company under a long-term lease. The lease was cancelled in January 2004 because payments had been in default since 1997, but lease arrears and penalty interest calculated at Rs. 36,587,033 up to May 2013 had still not been recovered.",Lease Revenue / Payment / Enforcement,Lease Revenue / Payment / Enforcement,https://auditorgeneral.gov.lk/web/images/audit-reports/upload/2023/Provincial_Council/5-vi/North-Western-Provincial-CouncilE.pdf,5,0.2569,0.3604,0.1517,0.231
WEB-071,The Auditor General reported that about 29 acres and 10 perches of government land in the Manativ Grama Niladhari Division of the Puttalam Divisional Secretariat had been leased to a private company for 30 years from 29 June 1988. The company later sold the leased land to another private company on 11 June 2008 without approval from the Provincial Land Commissioner.,Unauthorized Allocation / Transfer / Use,Lease Revenue / Payment / Enforcement,https://auditorgeneral.gov.lk/web/images/audit-reports/upload/2023/Provincial_Council/5-vi/North-Western-Provincial-CouncilE.pdf,5,0.2648,0.2964,0.1538,0.285
WEB-072,"The Auditor General reported that approximately 20.234 hectares of government land in the Manativ Grama Niladhari Division of the Puttalam Divisional Secretariat had been leased to a private company for 30 years from 24 February 1993. Lease arrears remained outstanding during the lease period, and when the agreement ended in February 2023, arrears and penalties due from the company had not been fully recovered.",Lease Revenue / Payment / Enforcement,Lease Revenue / Payment / Enforcement,https://auditorgeneral.gov.lk/web/images/audit-reports/upload/2023/Provincial_Council/5-vi/North-Western-Provincial-CouncilE.pdf,5,0.2095,0.4487,0.13,0.2117
WEB-073,"The Auditor General reported that government land provided by the Akuressa Divisional Secretariat to the Akuressa Multi-Purpose Cooperative Society under long-term lease No. L/2940 had been leased until 11 January 1995. After the lease ended, the land continued to be occupied without a long-term lease agreement and without paying rent for about 26 years. Long-term rent due for 1995 to 2009 alone was reported as Rs. 5.23 million.",Unauthorized Allocation / Transfer / Use,Lease Revenue / Payment / Enforcement,https://auditorgeneral.gov.lk/web/images/audit-reports/upload/2021/provincial_council/5-II/Southern-PC-E.pdf,2,0.2727,0.4196,0.1517,0.156
WEB-074,"The Auditor General reported that 0.238 hectares of government land in the Gangawata Korale Divisional Secretariat Division, Kandy, was granted to a private company on a 30-year long-term lease in 2006 for a resort. The same lessee had occupied the land unlawfully from 1995 to 2006, and the Government Valuer assessed lost revenue of Rs. 6,932,500 for that period.",Unauthorized Allocation / Transfer / Use,Lease Revenue / Payment / Enforcement,https://auditorgeneral.gov.lk/web/images/audit-reports/upload/2019/mindept_19/1_12/Head286DepartmentofCommissionerGeneralofLandE.pdf,2,0.2444,0.3659,0.1655,0.2242
WEB-075,"The Auditor General reported that 29.88 perches of government land in the Thimbirigasyaya Divisional Secretariat Division had been given to Independent Television Network Limited on long-term lease in 1999. Notification of the payable lease amount was delayed by nearly three years and no rent was levied for ten years; Rs. 36,225,000 remained due, while the absence of an issued lease prevented legal action for non-payment.",Lease Revenue / Payment / Enforcement,Lease Revenue / Payment / Enforcement,https://auditorgeneral.gov.lk/web/images/audit-reports/upload/2019/mindept_19/1_12/Head286DepartmentofCommissionerGeneralofLandE.pdf,2,0.2293,0.5082,0.1204,0.1421
WEB-076,"The Auditor General reported that 2 acres, 1 rood and 10 perches of land in the Dodangoda Divisional Secretariat area had been leased to a private institution for 30 years. An outstanding lease amount of Rs. 254,100 remained at the end of 2015.",Lease Revenue / Payment / Enforcement,Lease Revenue / Payment / Enforcement,https://auditorgeneral.gov.lk/web/images/audit-reports/upload/2015/provincialcouncil_2015/WesternProvincialCouncilE.pdf,1,0.2486,0.3438,0.1687,0.2389
WEB-077,"The Auditor General reported that land on Highlevel Road, Nugegoda, belonging to the Dehiwala Divisional Secretariat had been leased for 30 years in 2000. The lease required rent to be reassessed every five years by at least 50 percent, but revisions were not made in 2005 or 2010, and Rs. 1,342,234 remained outstanding by October 2015.",Lease Revenue / Payment / Enforcement,Lease Revenue / Payment / Enforcement,https://auditorgeneral.gov.lk/web/images/audit-reports/upload/2015/provincialcouncil_2015/WesternProvincialCouncilE.pdf,1,0.2433,0.3875,0.1489,0.2203
WEB-078,"The Auditor General reported that 4.209 hectares of land at Thalagolla Village, Ragama, had been leased to Colombo North Medical College for 30 years in 1981 and was later used by the Medical Faculty of the University of Kelaniya. The lease expired in May 2011, but the agreement was not extended, causing about four and a half years of lease income to remain unrecovered.",Lease Revenue / Payment / Enforcement,Lease Revenue / Payment / Enforcement,https://auditorgeneral.gov.lk/web/images/audit-reports/upload/2015/provincialcouncil_2015/WesternProvincialCouncilE.pdf,1,0.2725,0.3011,0.1911,0.2353
WEB-079,"The Auditor General reported that 2 acres and 15.18 perches of Pembruk Estate in Kalutara District had been leased to Vintor Fashions (Private) Limited for 30 years from February 1992 to establish a garment factory. The company had defaulted on lease rent, with Rs. 2,661,282 in arrears up to February 2015, while 2016 and 2017 rent and surcharges had not yet been computed.",Lease Revenue / Payment / Enforcement,Lease Revenue / Payment / Enforcement,https://auditorgeneral.gov.lk/web/images/audit-reports/upload/2017/State_Corp/Land-Reform-Commission---E.pdf,4,0.2152,0.4729,0.1239,0.188
WEB-080,"The Auditor General reported that 2 roods and 16 perches of Rathwetiya Estate, including a tea factory building, had been leased to the Sangaruwanketha Milk Producers' Cooperative Society Limited in May 1997 by deviating from the normal leasing procedure. No lease rent had been paid for about 15 years, arrears and surcharges had reached Rs. 4,596,800 by May 2016, and no action had been taken to cancel the lease agreement or otherwise enforce it.",Administrative / Procedural / Integrity,Lease Revenue / Payment / Enforcement,https://auditorgeneral.gov.lk/web/images/audit-reports/upload/2017/State_Corp/Land-Reform-Commission---E.pdf,4,0.2447,0.4442,0.1349,0.1762
WEB-081,A complainant alleges that an officer requested an unofficial payment to accelerate approval of a lease application for a state land parcel in Kandy. The application had otherwise remained pending without a documented reason.,Administrative / Procedural / Integrity,Administrative / Procedural / Integrity,WEB-GRP-081,5,0.4229,0.1977,0.1889,0.1905
WEB-082,It is alleged that a payment was demanded outside the official fee schedule before the responsible government institution would process the renewal of a state-land lease in Hambantota.,Administrative / Procedural / Integrity,Administrative / Procedural / Integrity,WEB-GRP-082,4,0.3443,0.236,0.1886,0.2311
WEB-083,"A lessee reports that an intermediary linked to an official asked for LKR 450,000 to secure a favourable lease decision concerning a tourism-development land. No receipt or official payment instruction was provided.",Administrative / Procedural / Integrity,Administrative / Procedural / Integrity,WEB-GRP-083,2,0.3348,0.256,0.2208,0.1884
WEB-084,An allegation states that a lease-related inspection was delayed until an unofficial payment was offered to an officer handling the file in Matara.,Administrative / Procedural / Integrity,Administrative / Procedural / Integrity,WEB-GRP-084,1,0.3334,0.2349,0.2309,0.2008
WEB-085,A complaint claims that an officer sought a personal benefit in return for recommending approval of a government-land lease application.,Administrative / Procedural / Integrity,Administrative / Procedural / Integrity,WEB-GRP-085,3,0.3811,0.1933,0.1972,0.2284
WEB-086,A complainant alleges that an officer requested a sexual favour in exchange for assisting with approval of a state-land lease application in Puttalam. The alleged request was unrelated to any lawful lease requirement.,Administrative / Procedural / Integrity,Administrative / Procedural / Integrity,WEB-GRP-086,2,0.5144,0.1617,0.159,0.1649
WEB-087,It is alleged that an official implied that favourable treatment of a land-lease dispute would depend on the complainant providing a sexual favour.,Administrative / Procedural / Integrity,Administrative / Procedural / Integrity,WEB-GRP-087,3,0.4982,0.1812,0.161,0.1596
WEB-088,A complaint states that a lease-renewal applicant was pressured to provide a sexual favour before the file would be recommended for approval.,Administrative / Procedural / Integrity,Administrative / Procedural / Integrity,WEB-GRP-088,4,0.4175,0.1679,0.2015,0.2131
WEB-089,A land applicant alleges that an officer linked progress on a state-land allocation request to an unwanted sexual demand.,Administrative / Procedural / Integrity,Administrative / Procedural / Integrity,WEB-GRP-089,2,0.4253,0.1834,0.2053,0.186
WEB-090,A complainant alleges that an officer threatened to obstruct a lease renewal unless the applicant withdrew a complaint about irregular handling of the land file.,Administrative / Procedural / Integrity,Administrative / Procedural / Integrity,WEB-GRP-090,5,0.4854,0.1697,0.1735,0.1713
WEB-091,It is alleged that a lessee was pressured to sign an unfavourable document after being threatened with cancellation of the state-land lease.,Administrative / Procedural / Integrity,Administrative / Procedural / Integrity,WEB-GRP-091,1,0.3919,0.2128,0.2044,0.1908
WEB-092,A complaint states that an applicant was told that adverse information would be disclosed unless they abandoned an objection to a contested lease allocation.,Administrative / Procedural / Integrity,Administrative / Procedural / Integrity,WEB-GRP-092,4,0.3432,0.1934,0.2328,0.2307
WEB-093,A land user alleges intimidation by an official who threatened enforcement action unless the user stopped questioning the lease decision.,Administrative / Procedural / Integrity,Administrative / Procedural / Integrity,WEB-GRP-093,3,0.3439,0.2592,0.1864,0.2106
WEB-094,A lease application for a coastal state land in Kurunegala was allegedly given preferential treatment because the proposed lessee had a personal connection to an officer involved in the recommendation process.,Administrative / Procedural / Integrity,Administrative / Procedural / Integrity,WEB-GRP-094,2,0.3429,0.1829,0.2623,0.2119
WEB-095,It is alleged that competing lease applications were not assessed consistently and a related party received favourable treatment without a documented justification.,Administrative / Procedural / Integrity,Administrative / Procedural / Integrity,WEB-GRP-095,5,0.3549,0.193,0.1929,0.2592
WEB-096,"A complaint alleges that an official participated in a lease decision involving a business linked to a close associate, without declaring a conflict of interest.",Administrative / Procedural / Integrity,Administrative / Procedural / Integrity,WEB-GRP-096,4,0.3668,0.2176,0.2085,0.2071
WEB-097,A state-land allocation was allegedly recommended to a favoured applicant even though another applicant had completed the required process earlier.,Administrative / Procedural / Integrity,Administrative / Procedural / Integrity,WEB-GRP-097,4,0.3741,0.1757,0.2216,0.2287
WEB-098,A urban development land in Kalutara was allegedly leased without obtaining a required approval or completing the prescribed competitive selection process.,Administrative / Procedural / Integrity,Unauthorized Allocation / Transfer / Use,WEB-GRP-098,1,0.2754,0.1754,0.2154,0.3338
WEB-099,The lease file allegedly proceeded despite missing mandatory approval from the competent authority and incomplete procurement documentation.,Administrative / Procedural / Integrity,Administrative / Procedural / Integrity,WEB-GRP-099,5,0.2916,0.2462,0.2279,0.2343
WEB-100,A complaint states that a long-term lease was issued before the required valuation and formal approval steps were completed.,Administrative / Procedural / Integrity,Unauthorized Allocation / Transfer / Use,WEB-GRP-100,3,0.2527,0.2383,0.2088,0.3002
WEB-101,It is alleged that the district land administration changed key lease conditions after selection without recording the required authorization.,Administrative / Procedural / Integrity,Administrative / Procedural / Integrity,WEB-GRP-101,5,0.2959,0.222,0.2083,0.2738
WEB-102,A complaint alleges that a lease file contained a certificate stating that an inspection had been completed even though no inspection reportedly occurred.,Administrative / Procedural / Integrity,Administrative / Procedural / Integrity,WEB-GRP-102,1,0.3006,0.2117,0.2768,0.2109
WEB-103,It is alleged that dates in a land-lease approval record were altered to make an application appear to have been processed earlier.,Administrative / Procedural / Integrity,Administrative / Procedural / Integrity,WEB-GRP-103,2,0.4609,0.1972,0.1654,0.1765
WEB-104,A complainant states that a supporting document in a lease file contained information that did not match the official land register.,Administrative / Procedural / Integrity,Administrative / Procedural / Integrity,WEB-GRP-104,3,0.3675,0.2105,0.2163,0.2057
WEB-105,"A lease recommendation was allegedly supported by an inaccurate certification regarding occupation, development status, or compliance conditions.",Administrative / Procedural / Integrity,Administrative / Procedural / Integrity,WEB-GRP-105,4,0.2904,0.2189,0.2442,0.2466
WEB-106,"The lessee of a coastal state land in Puttalam allegedly failed to pay annual lease rent for four years, while recovery action by the relevant land authority was delayed.",Lease Revenue / Payment / Enforcement,Lease Revenue / Payment / Enforcement,WEB-GRP-106,5,0.1955,0.4568,0.1865,0.1612
WEB-107,"A government land lease accumulated unpaid rent over four years, but the outstanding balance was not recovered within the expected enforcement period.",Lease Revenue / Payment / Enforcement,Lease Revenue / Payment / Enforcement,WEB-GRP-107,1,0.193,0.5032,0.1319,0.1719
WEB-108,"A complaint notes persistent lease-rent arrears on a state property, with no evidence of timely demand notices or recovery proceedings.",Lease Revenue / Payment / Enforcement,Lease Revenue / Payment / Enforcement,WEB-GRP-108,3,0.1576,0.4401,0.1602,0.2421
WEB-109,The lease account reportedly remained in arrears despite continued occupation and use of the government land.,Lease Revenue / Payment / Enforcement,Lease Revenue / Payment / Enforcement,WEB-GRP-109,2,0.1758,0.3722,0.173,0.279
WEB-110,"The lessee of a state land parcel in Ampara allegedly failed to pay annual lease rent for four years, while recovery action by the district land administration was delayed. The file reportedly contained no documented approval for the deviation.",Lease Revenue / Payment / Enforcement,Lease Revenue / Payment / Enforcement,WEB-GRP-110,4,0.1992,0.3244,0.2112,0.2652
WEB-111,"A government land lease accumulated unpaid rent over four years, but the outstanding balance was not recovered within the expected enforcement period. The matter was raised as a governance concern requiring documentary verification.",Lease Revenue / Payment / Enforcement,Lease Revenue / Payment / Enforcement,WEB-GRP-111,2,0.1566,0.3958,0.2248,0.2229
WEB-112,"The lease rent for a urban development land was allegedly not revised at the required interval, resulting in continued billing at an outdated rate.",Lease Revenue / Payment / Enforcement,Lease Revenue / Payment / Enforcement,WEB-GRP-112,5,0.2323,0.2897,0.2164,0.2616
WEB-113,A long-term government lease continued under an old rental valuation even though a reassessment should have been completed.,Lease Revenue / Payment / Enforcement,Lease Revenue / Payment / Enforcement,WEB-GRP-113,3,0.2102,0.3914,0.159,0.2395
WEB-114,The responsible authority allegedly failed to update the annual lease rental after the scheduled valuation review date.,Lease Revenue / Payment / Enforcement,Lease Revenue / Payment / Enforcement,WEB-GRP-114,5,0.2675,0.324,0.2113,0.1972
WEB-115,A complaint states that market-based rent revision was overdue and the lessee continued paying the earlier lower rate.,Lease Revenue / Payment / Enforcement,Lease Revenue / Payment / Enforcement,WEB-GRP-115,5,0.2839,0.2869,0.212,0.2172
WEB-116,"A lease premium of LKR 5 million allegedly remained unpaid after the due date, but recovery action was not initiated promptly.",Lease Revenue / Payment / Enforcement,Lease Revenue / Payment / Enforcement,WEB-GRP-116,1,0.2209,0.442,0.1674,0.1697
WEB-117,The institution reportedly allowed possession of the land before full payment of the required lease premium.,Lease Revenue / Payment / Enforcement,Unauthorized Allocation / Transfer / Use,WEB-GRP-117,4,0.2329,0.2749,0.1981,0.294
WEB-118,A substantial upfront lease payment remained outstanding while the lessee continued development on the property.,Lease Revenue / Payment / Enforcement,Lease Revenue / Payment / Enforcement,WEB-GRP-118,1,0.1846,0.4211,0.1793,0.2151
WEB-119,A complaint alleges delayed recovery of a lease premium and other charges despite repeated internal reminders.,Lease Revenue / Payment / Enforcement,Lease Revenue / Payment / Enforcement,WEB-GRP-119,3,0.2213,0.3764,0.2218,0.1804
WEB-120,Late-payment penalties on overdue lease rent were allegedly not imposed even though the arrears continued for three years.,Lease Revenue / Payment / Enforcement,Lease Revenue / Payment / Enforcement,WEB-GRP-120,2,0.172,0.5209,0.146,0.161
WEB-121,The authority reportedly recovered part of the outstanding rent but did not apply the contractual interest or penalty provisions.,Lease Revenue / Payment / Enforcement,Lease Revenue / Payment / Enforcement,WEB-GRP-121,4,0.2168,0.3802,0.1852,0.2178
WEB-122,A lessee remained in default while the enforcement of interest and late-payment charges was repeatedly deferred.,Lease Revenue / Payment / Enforcement,Lease Revenue / Payment / Enforcement,WEB-GRP-122,4,0.2457,0.3481,0.1801,0.2261
WEB-123,"The lease expired but occupation continued without a renewed agreement or updated rent, creating potential loss of government revenue.",Lease Revenue / Payment / Enforcement,Lease Revenue / Payment / Enforcement,WEB-GRP-123,1,0.257,0.3608,0.1448,0.2375
WEB-124,A state property remained in use after lease expiry while rent recovery and renewal action were not completed.,Lease Revenue / Payment / Enforcement,Lease Revenue / Payment / Enforcement,WEB-GRP-124,4,0.2234,0.378,0.1582,0.2403
WEB-125,"The lessee continued occupying the land after the agreement ended, and no revised lease rental was formally established.",Lease Revenue / Payment / Enforcement,Lease Revenue / Payment / Enforcement,WEB-GRP-125,2,0.2253,0.3413,0.1935,0.2399
WEB-126,The lessee allegedly subleased part of a urban development land in Hambantota to another party without obtaining the required government approval.,Unauthorized Allocation / Transfer / Use,Unauthorized Allocation / Transfer / Use,WEB-GRP-126,3,0.2574,0.1763,0.1978,0.3685
WEB-127,A third party was reportedly allowed to occupy leased state land under a private subletting arrangement not authorized by the divisional land office.,Unauthorized Allocation / Transfer / Use,Unauthorized Allocation / Transfer / Use,WEB-GRP-127,5,0.1944,0.1977,0.2223,0.3855
WEB-128,The original lessee allegedly collected rent from another business using the state property without an approved sublease.,Unauthorized Allocation / Transfer / Use,Unauthorized Allocation / Transfer / Use,WEB-GRP-128,4,0.1716,0.2065,0.1893,0.4326
WEB-129,Part of the government leasehold was allegedly handed to an outside operator without formal consent.,Unauthorized Allocation / Transfer / Use,Unauthorized Allocation / Transfer / Use,WEB-GRP-129,1,0.2213,0.1714,0.2495,0.3579
WEB-130,The lessee allegedly subleased part of a residential leasehold land in Monaragala to another party without obtaining the required government approval. The file reportedly contained no documented approval for the deviation.,Unauthorized Allocation / Transfer / Use,Unauthorized Allocation / Transfer / Use,WEB-GRP-130,2,0.1422,0.1298,0.2551,0.473
WEB-131,A third party was reportedly allowed to occupy leased state land under a private subletting arrangement not authorized by the urban development authority. The matter was raised as a governance concern requiring documentary verification.,Unauthorized Allocation / Transfer / Use,Protected / Environmental Lease Misuse,WEB-GRP-131,5,0.1608,0.1617,0.3607,0.3169
WEB-132,The original lessee allegedly collected rent from another business using the state property without an approved sublease. The allegation should be checked against the lease agreement and official file history.,Unauthorized Allocation / Transfer / Use,Unauthorized Allocation / Transfer / Use,WEB-GRP-132,4,0.1729,0.1769,0.2273,0.4229
WEB-133,Rights over a state agricultural land were allegedly transferred to another private party without prior approval from the government lessor.,Unauthorized Allocation / Transfer / Use,Unauthorized Allocation / Transfer / Use,WEB-GRP-133,3,0.2114,0.1652,0.204,0.4194
WEB-134,The lessee reportedly attempted to sell or assign the state-land lease to a third party without the required consent.,Unauthorized Allocation / Transfer / Use,Unauthorized Allocation / Transfer / Use,WEB-GRP-134,1,0.2288,0.2088,0.2635,0.2989
WEB-135,A complaint alleges that control of the leased property changed hands through a private agreement not recognized by the lessor.,Unauthorized Allocation / Transfer / Use,Unauthorized Allocation / Transfer / Use,WEB-GRP-135,2,0.2668,0.1845,0.2385,0.3101
WEB-136,Leasehold interests were allegedly transferred to a related company before approval of the assignment.,Unauthorized Allocation / Transfer / Use,Unauthorized Allocation / Transfer / Use,WEB-GRP-136,5,0.2243,0.16,0.2475,0.3682
WEB-137,Rights over a urban development land were allegedly transferred to another private party without prior approval from the government lessor. The file reportedly contained no documented approval for the deviation.,Unauthorized Allocation / Transfer / Use,Unauthorized Allocation / Transfer / Use,WEB-GRP-137,3,0.1933,0.1479,0.2814,0.3774
WEB-138,The lessee reportedly attempted to sell or assign the state-land lease to a third party without the required consent. The matter was raised as a governance concern requiring documentary verification.,Unauthorized Allocation / Transfer / Use,Protected / Environmental Lease Misuse,WEB-GRP-138,1,0.1489,0.1753,0.413,0.2629
WEB-139,A complaint alleges that control of the leased property changed hands through a private agreement not recognized by the lessor. The allegation should be checked against the lease agreement and official file history.,Unauthorized Allocation / Transfer / Use,Protected / Environmental Lease Misuse,WEB-GRP-139,2,0.261,0.162,0.3023,0.2746
WEB-140,Land leased for agriculture was allegedly converted to commercial use without approval of the change in purpose.,Unauthorized Allocation / Transfer / Use,Unauthorized Allocation / Transfer / Use,WEB-GRP-140,4,0.1992,0.168,0.1955,0.4373
WEB-141,A coastal state land granted for one approved purpose was reportedly used for a different business activity without formal authorization.,Unauthorized Allocation / Transfer / Use,Unauthorized Allocation / Transfer / Use,WEB-GRP-141,3,0.2048,0.1608,0.2397,0.3947
WEB-142,The lessee allegedly changed the approved use of the state property and continued operations without a revised lease condition.,Unauthorized Allocation / Transfer / Use,Unauthorized Allocation / Transfer / Use,WEB-GRP-142,5,0.1481,0.1917,0.2106,0.4495
WEB-143,A lease intended for residential use was allegedly converted to storage and commercial activity without permission.,Unauthorized Allocation / Transfer / Use,Unauthorized Allocation / Transfer / Use,WEB-GRP-143,1,0.2033,0.2126,0.2443,0.3398
WEB-144,Land leased for agriculture was allegedly converted to commercial use without approval of the change in purpose. The file reportedly contained no documented approval for the deviation.,Unauthorized Allocation / Transfer / Use,Unauthorized Allocation / Transfer / Use,WEB-GRP-144,3,0.1469,0.1336,0.2486,0.4708
WEB-145,A state land parcel granted for one approved purpose was reportedly used for a different business activity without formal authorization. The matter was raised as a governance concern requiring documentary verification.,Unauthorized Allocation / Transfer / Use,Protected / Environmental Lease Misuse,WEB-GRP-145,4,0.1395,0.1314,0.3785,0.3506
WEB-146,The lessee allegedly changed the approved use of the state property and continued operations without a revised lease condition. The allegation should be checked against the lease agreement and official file history.,Unauthorized Allocation / Transfer / Use,Unauthorized Allocation / Transfer / Use,WEB-GRP-146,2,0.1684,0.1644,0.2558,0.4114
WEB-147,The lessee allegedly expanded occupation beyond the surveyed lease boundary onto adjoining government land.,Unauthorized Allocation / Transfer / Use,Unauthorized Allocation / Transfer / Use,WEB-GRP-147,5,0.1759,0.18,0.2605,0.3836
WEB-148,A complaint states that structures and fencing extended outside the approved lease area onto additional state land.,Unauthorized Allocation / Transfer / Use,Protected / Environmental Lease Misuse,WEB-GRP-148,1,0.2179,0.1469,0.4508,0.1844
WEB-149,Occupation reportedly spread beyond the leased parcel without a supplementary allocation or survey approval.,Unauthorized Allocation / Transfer / Use,Unauthorized Allocation / Transfer / Use,WEB-GRP-149,2,0.2513,0.1923,0.2514,0.305
WEB-150,The user of the leasehold allegedly incorporated neighbouring government land into the site without authorization.,Unauthorized Allocation / Transfer / Use,Protected / Environmental Lease Misuse,WEB-GRP-150,4,0.2049,0.1811,0.3557,0.2583
WEB-151,The lessee allegedly expanded occupation beyond the surveyed lease boundary onto adjoining government land. The file reportedly contained no documented approval for the deviation.,Unauthorized Allocation / Transfer / Use,Unauthorized Allocation / Transfer / Use,WEB-GRP-151,3,0.1378,0.1488,0.3122,0.4012
WEB-152,A third-party enterprise was allegedly operating from the state-leased property even though the lease was granted to a different entity.,Unauthorized Allocation / Transfer / Use,Unauthorized Allocation / Transfer / Use,WEB-GRP-152,5,0.1852,0.1704,0.1811,0.4633
WEB-153,The approved lessee allegedly allowed another company to use the land without recording the arrangement with the lessor.,Unauthorized Allocation / Transfer / Use,Unauthorized Allocation / Transfer / Use,WEB-GRP-153,3,0.1755,0.1824,0.2572,0.385
WEB-154,A complaint states that the beneficiary named in the lease was no longer the actual operator occupying the property.,Unauthorized Allocation / Transfer / Use,Administrative / Procedural / Integrity,WEB-GRP-154,5,0.2944,0.2174,0.232,0.2562
WEB-155,The leased land was allegedly used by an unrelated party without an authorized transfer or sublease.,Unauthorized Allocation / Transfer / Use,Unauthorized Allocation / Transfer / Use,WEB-GRP-155,1,0.1907,0.1556,0.2827,0.3709
WEB-156,A third-party enterprise was allegedly operating from the state-leased property even though the lease was granted to a different entity. The file reportedly contained no documented approval for the deviation.,Unauthorized Allocation / Transfer / Use,Unauthorized Allocation / Transfer / Use,WEB-GRP-156,2,0.1391,0.1411,0.2182,0.5016
WEB-157,Permanent structures were allegedly built on the leased government land without the approvals required under the lease conditions.,Unauthorized Allocation / Transfer / Use,Unauthorized Allocation / Transfer / Use,WEB-GRP-157,4,0.2156,0.1895,0.2122,0.3828
WEB-158,The lessee reportedly carried out major development beyond the approved plan for the state property.,Unauthorized Allocation / Transfer / Use,Protected / Environmental Lease Misuse,WEB-GRP-158,1,0.1389,0.1765,0.352,0.3326
WEB-159,Construction allegedly commenced before development permission and lease-condition clearance were obtained.,Unauthorized Allocation / Transfer / Use,Protected / Environmental Lease Misuse,WEB-GRP-159,2,0.2586,0.2019,0.2728,0.2668
WEB-160,A complaint states that additional buildings were erected on the leasehold without formal consent from the responsible authority.,Unauthorized Allocation / Transfer / Use,Administrative / Procedural / Integrity,WEB-GRP-160,5,0.3083,0.1697,0.2314,0.2906
WEB-161,Permanent structures were allegedly built on the leased government land without the approvals required under the lease conditions. The file reportedly contained no documented approval for the deviation.,Unauthorized Allocation / Transfer / Use,Unauthorized Allocation / Transfer / Use,WEB-GRP-161,1,0.1529,0.1379,0.2436,0.4656
WEB-162,A lease-related development allegedly extended into a protected or conservation area adjacent to the approved state-land parcel.,Protected / Environmental Lease Misuse,Protected / Environmental Lease Misuse,WEB-GRP-162,3,0.1953,0.153,0.4677,0.1839
WEB-163,The lessee reportedly occupied land beyond the lease boundary within an environmentally protected zone.,Protected / Environmental Lease Misuse,Unauthorized Allocation / Transfer / Use,WEB-GRP-163,4,0.2091,0.2006,0.2871,0.3032
WEB-164,A complaint alleges that development associated with the lease encroached on land subject to conservation restrictions.,Protected / Environmental Lease Misuse,Protected / Environmental Lease Misuse,WEB-GRP-164,2,0.2222,0.1861,0.4307,0.161
WEB-165,Activities on the leased site allegedly expanded into a buffer or protected area without environmental authorization.,Protected / Environmental Lease Misuse,Protected / Environmental Lease Misuse,WEB-GRP-165,3,0.1718,0.1445,0.4876,0.196
WEB-166,A lease-related development allegedly extended into a protected or conservation area adjacent to the approved state-land parcel. The file reportedly contained no documented approval for the deviation.,Protected / Environmental Lease Misuse,Protected / Environmental Lease Misuse,WEB-GRP-166,5,0.1339,0.1172,0.5115,0.2374
WEB-167,The lessee reportedly occupied land beyond the lease boundary within an environmentally protected zone. The matter was raised as a governance concern requiring documentary verification.,Protected / Environmental Lease Misuse,Protected / Environmental Lease Misuse,WEB-GRP-167,4,0.1449,0.1689,0.4219,0.2643
WEB-168,A complaint alleges that development associated with the lease encroached on land subject to conservation restrictions. The allegation should be checked against the lease agreement and official file history.,Protected / Environmental Lease Misuse,Protected / Environmental Lease Misuse,WEB-GRP-168,5,0.2124,0.1531,0.3875,0.2469
WEB-169,Activities on the leased site allegedly expanded into a buffer or protected area without environmental authorization. The complaint does not by itself establish wrongdoing and requires institutional verification.,Protected / Environmental Lease Misuse,Protected / Environmental Lease Misuse,WEB-GRP-169,1,0.1557,0.1343,0.5223,0.1877
WEB-170,A state-land lease project in Polonnaruwa allegedly involved clearing or filling a wetland area beyond the approved development footprint.,Protected / Environmental Lease Misuse,Protected / Environmental Lease Misuse,WEB-GRP-170,2,0.1813,0.1515,0.5031,0.1641
WEB-171,Mangrove vegetation adjacent to the leased property was allegedly removed during site preparation without the required environmental clearance.,Protected / Environmental Lease Misuse,Protected / Environmental Lease Misuse,WEB-GRP-171,4,0.1751,0.1576,0.4501,0.2172
WEB-172,A complaint states that drainage and filling works on the leasehold affected a nearby wetland protected from unauthorized alteration.,Protected / Environmental Lease Misuse,Protected / Environmental Lease Misuse,WEB-GRP-172,2,0.204,0.1689,0.4441,0.1831
WEB-173,Development on the leased state land allegedly caused unauthorized disturbance to mangrove or marsh habitat.,Protected / Environmental Lease Misuse,Protected / Environmental Lease Misuse,WEB-GRP-173,3,0.1941,0.1589,0.3825,0.2645
WEB-174,A state-land lease project in Anuradhapura allegedly involved clearing or filling a wetland area beyond the approved development footprint. The file reportedly contained no documented approval for the deviation.,Protected / Environmental Lease Misuse,Protected / Environmental Lease Misuse,WEB-GRP-174,5,0.1407,0.1198,0.5098,0.2297
WEB-175,Mangrove vegetation adjacent to the leased property was allegedly removed during site preparation without the required environmental clearance. The matter was raised as a governance concern requiring documentary verification.,Protected / Environmental Lease Misuse,Protected / Environmental Lease Misuse,WEB-GRP-175,5,0.1062,0.1142,0.6038,0.1758
WEB-176,A complaint states that drainage and filling works on the leasehold affected a nearby wetland protected from unauthorized alteration. The allegation should be checked against the lease agreement and official file history.,Protected / Environmental Lease Misuse,Protected / Environmental Lease Misuse,WEB-GRP-176,3,0.184,0.1387,0.4365,0.2408
WEB-177,"The lessee allegedly extracted soil, sand, stone, or other material from the state land without authorization under the lease.",Protected / Environmental Lease Misuse,Protected / Environmental Lease Misuse,WEB-GRP-177,1,0.1999,0.1835,0.3935,0.2232
WEB-178,A land parcel leased for another purpose was reportedly used for quarrying or material extraction without the required permit.,Protected / Environmental Lease Misuse,Protected / Environmental Lease Misuse,WEB-GRP-178,3,0.2067,0.1855,0.3722,0.2356
WEB-179,A complaint alleges that commercial extraction activity occurred on the leasehold contrary to its approved use and environmental conditions.,Protected / Environmental Lease Misuse,Protected / Environmental Lease Misuse,WEB-GRP-179,4,0.2105,0.1502,0.3832,0.2561
WEB-180,Material was allegedly removed from the leased government land beyond what was permitted for site development.,Protected / Environmental Lease Misuse,Protected / Environmental Lease Misuse,WEB-GRP-180,1,0.1747,0.1708,0.353,0.3016
WEB-181,"The lessee allegedly extracted soil, sand, stone, or other material from the state land without authorization under the lease. The file reportedly contained no documented approval for the deviation.",Protected / Environmental Lease Misuse,Protected / Environmental Lease Misuse,WEB-GRP-181,4,0.1657,0.1233,0.4014,0.3096
WEB-182,A land parcel leased for another purpose was reportedly used for quarrying or material extraction without the required permit. The matter was raised as a governance concern requiring documentary verification.,Protected / Environmental Lease Misuse,Protected / Environmental Lease Misuse,WEB-GRP-182,2,0.137,0.1276,0.4811,0.2542
WEB-183,Vegetation and trees on a state-land leasehold were allegedly cleared beyond the area approved for development.,Protected / Environmental Lease Misuse,Protected / Environmental Lease Misuse,WEB-GRP-183,3,0.1563,0.1315,0.5198,0.1924
WEB-184,A complaint states that forested land adjoining the approved lease footprint was cleared during project expansion.,Protected / Environmental Lease Misuse,Protected / Environmental Lease Misuse,WEB-GRP-184,5,0.2416,0.1704,0.3956,0.1923
WEB-185,The lessee allegedly removed protected trees or natural vegetation without the environmental approvals required by the lease.,Protected / Environmental Lease Misuse,Protected / Environmental Lease Misuse,WEB-GRP-185,4,0.2004,0.1718,0.3651,0.2628
WEB-186,Site development reportedly involved unauthorized clearing of forest cover on government land.,Protected / Environmental Lease Misuse,Protected / Environmental Lease Misuse,WEB-GRP-186,1,0.1949,0.1925,0.3553,0.2573
WEB-187,Vegetation and trees on a state-land leasehold were allegedly cleared beyond the area approved for development. The file reportedly contained no documented approval for the deviation.,Protected / Environmental Lease Misuse,Protected / Environmental Lease Misuse,WEB-GRP-187,4,0.1211,0.0933,0.5247,0.2608
WEB-188,A complaint states that forested land adjoining the approved lease footprint was cleared during project expansion. The matter was raised as a governance concern requiring documentary verification.,Protected / Environmental Lease Misuse,Protected / Environmental Lease Misuse,WEB-GRP-188,2,0.1533,0.1274,0.4882,0.2311
WEB-189,Development on coastal state land allegedly extended into a restricted shoreline area outside the approved lease boundary.,Protected / Environmental Lease Misuse,Protected / Environmental Lease Misuse,WEB-GRP-189,3,0.1767,0.1556,0.4519,0.2157
WEB-190,A tourism lease on an island or coastal parcel allegedly involved construction in an area subject to environmental restrictions.,Protected / Environmental Lease Misuse,Protected / Environmental Lease Misuse,WEB-GRP-190,5,0.2005,0.1591,0.4673,0.1732
WEB-191,"A complaint alleges unauthorized alteration of dunes, beach frontage, or coastal vegetation associated with a state-land lease.",Protected / Environmental Lease Misuse,Protected / Environmental Lease Misuse,WEB-GRP-191,1,0.2358,0.179,0.4316,0.1535
WEB-192,The lessee reportedly expanded tourism facilities into environmentally sensitive coastal land without approval.,Protected / Environmental Lease Misuse,Protected / Environmental Lease Misuse,WEB-GRP-192,1,0.211,0.1792,0.3326,0.2771
WEB-193,Development on coastal state land allegedly extended into a restricted shoreline area outside the approved lease boundary. The file reportedly contained no documented approval for the deviation.,Protected / Environmental Lease Misuse,Protected / Environmental Lease Misuse,WEB-GRP-193,2,0.1197,0.1167,0.5088,0.2548
WEB-194,A tourism lease on an island or coastal parcel allegedly involved construction in an area subject to environmental restrictions. The matter was raised as a governance concern requiring documentary verification.,Protected / Environmental Lease Misuse,Protected / Environmental Lease Misuse,WEB-GRP-194,3,0.1197,0.123,0.5935,0.1638
WEB-195,A state-land leasehold was allegedly used for dumping waste or discharging pollutants contrary to the approved land use.,Protected / Environmental Lease Misuse,Protected / Environmental Lease Misuse,WEB-GRP-195,5,0.167,0.15,0.48,0.203
WEB-196,Industrial activity on the leased government land allegedly caused contamination without the required environmental controls.,Protected / Environmental Lease Misuse,Protected / Environmental Lease Misuse,WEB-GRP-196,2,0.1712,0.1683,0.4351,0.2255
WEB-197,A complaint states that waste was stored or disposed of on the leasehold in a manner inconsistent with lease and environmental conditions.,Protected / Environmental Lease Misuse,Protected / Environmental Lease Misuse,WEB-GRP-197,5,0.2803,0.1661,0.3664,0.1872
WEB-198,The lessee allegedly used part of the state property for hazardous or polluting activity that had not been approved.,Protected / Environmental Lease Misuse,Unauthorized Allocation / Transfer / Use,WEB-GRP-198,4,0.1333,0.1435,0.2451,0.4781
WEB-199,A state-land leasehold was allegedly used for dumping waste or discharging pollutants contrary to the approved land use. The file reportedly contained no documented approval for the deviation.,Protected / Environmental Lease Misuse,Protected / Environmental Lease Misuse,WEB-GRP-199,3,0.1253,0.1201,0.5373,0.2173
WEB-200,Industrial activity on the leased government land allegedly caused contamination without the required environmental controls. The matter was raised as a governance concern requiring documentary verification.,Protected / Environmental Lease Misuse,Protected / Environmental Lease Misuse,WEB-GRP-200,1,0.1191,0.1359,0.5449,0.2001
